 File 	 檔案 
 Action 	 動作 
 Speed 	 速度 
 Sound 	 音效 
 About KQI	 關於 KQI
 Help	 說明
 Save Game	 儲存進度
 Restore Game	 讀取進度
 Restart Game	 重新開始
 Quit	 離開
 Duck	 蹲下
 Jump	 跳躍
 Pause Game	 暫停遊戲
 Inventory	 物品欄
 Retype	 重新輸入
 Change...	 變更...
 Faster	 較快
 Normal	 正常
 Slower	 較慢
 Volume...	 音量...
 Turn sound Off	 關閉音效
 Turn sound On	 開啟音效
"Ye best be careful, young Graham.  The mystic protective spell of mine has weakened and departed."	年輕的格拉漢啊，你可得小心了。我那道守護的魔法已經減弱，如今已經消散了。
The spell to make you invisible has expired and you are once again visible to dangerous creatures but, the ring has now disappeared.  The guards appear surprised at your sudden appearance.	隱身魔法已經失效，你再次現形，可能被危險的生物看見；魔戒也已經消失無蹤。衛兵們對你突然出現感到十分驚訝。
The spell to make you invisible has expired and you are once again visible to dangerous creatures but, the ring has now disappeared.	隱身魔法已經失效，你再次現形，可能被危險的生物看見；魔戒也已經消失無蹤。
Memory fragmented.	記憶體破碎。
You see the thick green tendrils of the beanstalk stretching even further to the sky above you.	你看見豆莖粗壯的綠色藤蔓，向著頭頂上方的天空延伸得更遠。
The sky isn't visible from here.	從這裡看不到天空。
Above you, you can see the blue sky of Daventry.  It's partly cloudy, with a high in the mid seventies.	抬頭望去，你看見戴凡確王國蔚藍的天空，局部多雲，最高溫約在華氏七十度上下。
As you gaze into the magic mirror, you see a reflection of yourself as King of this land of Daventry.	你凝視著魔鏡，鏡中映出自己成為戴凡確王國國王的模樣。
You don't have the magic mirror.	你身上沒有魔鏡。
The goat doesn't seem to be interested in you.	山羊似乎對你沒什麼興趣。
There is no goat here.	這裡沒有山羊。
The goat is not much for conversation.	山羊不太會聊天。
The goat is too heavy to carry around.	山羊太重了，帶不走。
Just type "USE THE SLINGSHOT".	只要輸入 "USE THE SLINGSHOT" 即可。
You shouldn't drop that, Sir Graham.   You may need it.	格拉漢爵士，你不該丟掉那個，也許用得到。
You don't care for sushi, Sir Graham.	格拉漢爵士，你對壽司沒什麼興趣。
You won't need a dead fish on your quest.	你的冒險用不到一條死魚。
You don't see any fish here.	這裡沒有看到魚。
You already have it.	你已經拿到了。
You have already opened the walnut.	你已經打開過胡桃了。
When you open the walnut, you discover the nut inside is pure gold!	你打開胡桃，發現裡頭的果仁竟是純金打造！
Don't do that!  This walnut is not edible since it is pure gold.	別這麼做！這顆胡桃是純金的，不能吃。
Ouch!  It would be much easier if you opened the walnut first.	哎呦！要是先打開胡桃會容易得多。
You'd break your teeth on this walnut!  Then you'd REALLY need a gold crown!	你會被這顆胡桃崩掉牙齒！到時候你就真的需要一頂「金冠」了！
You don't have a walnut to bite.	你身上沒有胡桃可以咬。
The ring is already on your finger.	戒指已經戴在你的手指上了。
You can't do that without letting go, which would be a terrible mistake.	你不放手就做不到這件事，而放手將是個可怕的錯誤。
You place the shimmering ring upon your finger.	你把閃閃發光的戒指戴上手指。
You are already invisible	你已經是隱形狀態了
Nothing happens.	什麼事也沒發生。
You'll have to stand up if you want to invoke the ring's power.	你得先站起來，才能發動戒指的力量。
For the full effect of the ring, you will need to step out of the water.	要讓戒指完全發揮效果，你得先離開水中。
As you rub the shimmering ring, you turn invisible!	你摩擦閃閃發光的戒指，瞬間隱形了！
The goat doesn't seem to see you anymore.	山羊似乎再也看不見你了。
The magic ring is still in your pocket.  You can't rub it there.	魔戒還放在你的口袋裡，這樣沒辦法摩擦它。
You aren't wearing the ring, Sir Graham.	格拉漢爵士，你並沒有戴著戒指。
You're using your hands to hang on for dear life!	你正用雙手死命抓住，保住性命！
You remove the shimmering ring from your finger.	你把閃閃發光的戒指從手指上取下。
This egg will be tough to crack.	這顆蛋恐怕不好敲開。
Oddly enough, this egg has no shell.  It's 24-karat gold, through and through.	說也奇怪，這顆蛋根本沒有蛋殼，從裡到外都是24K純金。
You would need more than your bare hands to crack a solid gold egg...and anyway, there's nothing inside it except more gold.	光靠雙手可敲不開一顆實心金蛋……況且裡頭除了金子什麼也沒有。
You have already eaten the stew.	你已經吃過燉肉了。
Mmm!  You can detect the aromas of delicious carrots (from the King's garden), potatoes, green peppers, celery, onions, and fresh dragon meat...along with a hint of imported spice.	嗯！你聞到美味的香氣：胡蘿蔔（來自國王的菜園）、馬鈴薯、青椒、芹菜、洋蔥，還有新鮮的龍肉……以及一絲進口香料的味道。
You can't eat while swimming	你沒辦法邊游泳邊吃東西
It's not a good idea to eat while you're swimming.  Even knights can get muscle cramps!	邊游泳邊吃東西可不是個好主意，就連騎士也會抽筋的！
You can't do that and swim at the same time!	你沒辦法一邊游泳一邊做這件事！
You can't find your mouth while you're invisible!	你隱形的時候，連自己的嘴巴都找不到！
You eat every bite of the delicious stew.	你把美味的燉肉吃得一乾二淨。
You've already eaten the mushroom, Sir Graham.	格拉漢爵士，你已經吃過蘑菇了。
Seeing how much the goat likes that carrot, eating it may be hazardous to your health.	看山羊這麼愛那根胡蘿蔔，你要是吃了恐怕對健康不利。
You already ate the carrot.	你已經吃過胡蘿蔔了。
Mmmm!  There's nothing like a crisp, fresh carrot.	嗯～沒有什麼比得上一根爽脆新鮮的胡蘿蔔。
You already ate the beans.	你已經吃過那些豆子了。
The magic beans tingle as they go down.  Now, why did you do that?	魔豆吞下去時刺刺麻麻的。話說回來，你幹嘛要吃它？
Mmmm!  That Swiss cheese was as delicious as it looked.	嗯～那塊瑞士乳酪真如它看起來一樣美味。
Just the thought of eating that would make braver knights lose their appetites!	光是想到要吃那個，就連更勇敢的騎士也會沒了胃口！
Is there anything in particular you'd like to eat?	你特別想吃點什麼嗎？
There are no birds here.	這裡沒有鳥。
You are standing.	你已經站著了。
You can't stand now.	你現在沒辦法站起來。
You'll need to be in the water before you can swim!	你得先進到水裡才能游泳！
You'll need to be swimming before you can dive into the water!	你得先游泳，才能潛入水中！
There's nothing inside there you'll need.	裡面沒有你需要的東西。
The deep water makes it impossible for you to climb out.	水太深了，讓你沒辦法爬出去。
The walls are too damp and sheer. There's no way to climb out of that hole.	洞壁又濕又陡，根本沒辦法從那個洞裡爬出去。
There is nothing up there you'll need.	上面沒有你需要的東西。
You can't plant them there.  They need special soil.	你不能把它們種在那裡，它們需要特殊的土壤。
Cautiously, you open the pouch and see many sparkling and flashing diamonds! Quickly, you close it again so as not to lose any.	你小心翼翼地打開皮袋，看見許多閃閃發光的鑽石！你趕緊把它關上，以免弄丟。
You have already filled the bowl.	你已經把碗裝滿了。
What would you like to fill?	你想裝滿什麼？
To your astonishment, something begins to bubble up from the bottom of the bowl.  Within moments, the bowl is filled with a hot, savory stew.	令你驚訝的是，碗底開始冒出泡泡。轉眼間，碗裡就裝滿了熱騰騰、香氣四溢的燉肉。
You open the chest and admire the gold coins for a moment. You then close the chest.	你打開金盒子，欣賞了一會兒裡頭的金幣，接著把盒子關上。
You are dazzled by the countless supply of gold coins spilling from the magic chest.  You quickly close the chest.	金盒子裡湧出源源不絕的金幣，讓你看得眼花撩亂。你趕緊把盒子關上。
You try, but being invisible makes it impossible.	你試過了，但隱形讓這件事變得不可能。
You had the dagger and lost it.  Sorry.	你原本有那把短刀，但弄丟了，很抱歉。
Though you're an extremely able and talented knight, throwing a dagger and swimming at the same time is quite beyond your abilities.	雖然你是個十分能幹又有才華的騎士，但一邊游泳一邊擲短刀，還是超出了你的能力範圍。
You don't have any rocks for the slingshot.	你身上沒有石頭可以用投石器發射。
You can't aim something you can't see.	你沒辦法瞄準看不見的東西。
Safety dictates that you should not use the slingshot while in the water.	為了安全起見，你不該在水中使用投石器。
You throw your last pebble.	你丟出了最後一顆鵝卵石。
You throw one of your pebbles.	你丟出一顆鵝卵石。
You might have something very clever in mind, but it's not going to work. Leave the water in the bucket for now.	你心裡也許在打什麼如意算盤，但這行不通。水桶裡的水先留著吧。
No matter how fast you throw the water, it won't be quick enough to keep you from drowning!	不管你把水丟得多快，都來不及讓你不被淹死！
That's hard to do while you are swimming.	游泳的時候很難做到這件事。
The water is fine where it is.	水留在原地就好。
You don't have any water to throw.	你沒有水可以丟。
No matter how quickly you drink this water, there's still enough for you to drown in.	不管你喝水喝得多快，剩下的水還是足以把你淹死。
You open your mouth while swimming and quench your thirst.	你游泳時張開嘴巴，解了口渴。
You have to scoop the water with your hands, but you manage to satisfy your thirst.	你得用雙手捧水喝，但總算解了渴。
You drain the bucket of water to quench your thirst.	你把水桶裡的水喝乾，解了渴。
You are not close enough to the water.	你離水不夠近。
You are already carrying an endless supply of gold coins in the magic chest.	你身上已經帶著裝有源源不絕金幣的金盒子了。
You are already carrying a golden walnut.	你身上已經帶著一顆金胡桃了。
You are already carrying a golden egg.	你身上已經帶著一顆金蛋了。
Where? There is no gold here.	在哪裡？這裡沒有黃金。
At the thought of removing the knife from the dead goat, you are filled with remorse.	一想到要從死去的山羊身上拔出刀子，你就心生懊悔。
You won't be needing that on your quest, Sir Graham.	格拉漢爵士，你的冒險用不到那個。
You can't do that.	你沒辦法這麼做。
There isn't a beanstalk here to look at.	這裡沒有豆莖可以看。
The edge of the dagger has been honed to razor sharpness.	這把短刀的刀刃磨得像剃刀一樣鋒利。
There are no edges of special interest here.	這裡沒有什麼特別的邊緣值得注意。
You see nothing special, Sir Graham.	格拉漢爵士，你沒看見什麼特別的東西。
If you have to ask why, you'll never understand.	如果你非得問為什麼，你永遠不會懂。
Because why?	為什麼要為什麼？
Why?	為什麼？
What indeed.	問得好，是什麼呢？
That's for me to know and Sir Graham to find out.	這件事我知道，就等格拉漢爵士自己去發現吧。
Who do you think?	你猜是誰？
When you figure out the puzzle!	等你解開謎題就知道了！
You cannot do that, Sir Graham.	格拉漢爵士，你沒辦法這麼做。
You smell nothing unusual.	你沒有聞到什麼不尋常的味道。
Keep it to yourself.	這件事你自己知道就好。
You can't.	你辦不到。
That's strange... you don't get an answer.	真奇怪……你沒有得到任何回應。
Talking to yourself is a sure sign that the hot Daventry sun is taking its toll on you.	自言自語，肯定代表戴凡確炎熱的太陽把你曬得不輕了。
Sir Graham, please try to find another word for "%s."	格拉漢爵士，請試著為「%s」換個說法。
"%s" in "%s"	「%s」在「%s」中
Please try to rephrase that thought, Sir Graham.	格拉漢爵士，請試著換句話說。
Please try something else, Sir Graham.	格拉漢爵士，請試試別的辦法。
 Score: %d of %d%13s%s%1s	 得分：%d／%d%13s%s%1s
You see a useless dead goat lying lifeless on the ground.	你看見一隻毫無用處的山羊死屍，直挺挺地躺在地上。
The goat is grazing nearby.	山羊正在附近吃草。
The old goat, trotting briskly, seems happy to be with you.	這隻老山羊小跑步跟著你，看起來很開心能跟你在一起。
The goat is wandering this way and that, exploring his little pen.	山羊在牠的小圍欄裡東晃西晃，四處探索。
The goat has wandered off to the other side of his pen.	山羊已經晃到圍欄的另一邊去了。
This is the ugliest, meanest, nastiest troll you have ever seen.  And he is not about to let anybody cross his bridge.	這是你見過最醜、最兇惡、最討人厭的矮精靈。他絕不會讓任何人踏過他的橋。
There is no troll here.	這裡沒有矮精靈。
You have %d smooth, rounded pebble.	你有 %d 顆光滑圓潤的鵝卵石。
You have %d smooth, rounded pebbles.	你有 %d 顆光滑圓潤的鵝卵石。
rm%03d: %s: %s 	rm%03d: %s: %s 
It's not quite within reach, Sir Graham.	格拉漢爵士，這東西不太搆得到。
You don't have anything that fits that description in your inventory.	你的物品欄裡沒有符合這個描述的東西。
You're too busy.	你正忙著呢。
You're too busy right now.	你現在正忙著呢。
You cannot reach the door from here.	你在這裡搆不到那扇門。
You recall a rule prohibiting goats (except seeing-eye goats) from entering the castle.	你想起有條規定禁止山羊（導盲山羊除外）進入城堡。
That's odd.  Why aren't the guards at their posts?	真奇怪，衛兵怎麼沒在崗位上？
You reconsider the wisdom of returning to King Edward without having recovered Daventry's three lost treasures.	你重新考慮了一下，還沒找回戴凡確王國失落的三件寶物就回去見愛德華國王，這樣真的明智嗎？
The portcullis is already closed.	閘門已經關上了。
Your knock echoes within the castle.  Unfortunately, no one answers.	你的敲門聲在城堡裡迴盪，可惜沒有人應門。
If you inherit the throne, you may do whatever you please with the urns.  Until then, leave them alone.	等你繼承王位之後，這些甕你要怎麼處置都行。在那之前，別去動它們。
The pots are full of dirt and roots.  There's nothing remotely helpful in or around the urns.	甕裡裝滿了泥土和根鬚，甕內外都沒有什麼派得上用場的東西。
There are no guards in sight.	附近看不到衛兵。
This deep swampy moat is patrolled by vicious serpents.	這條又深又泥濘的護城河裡，有兇猛的巨蛇巡邏。
The vines creeping up the walls of the castle are rooted in these two large urns.	攀爬城牆的藤蔓，根就扎在這兩個大甕裡。
The castle walls are carpeted with a thick tangle of vines.	城牆上爬滿了一片濃密糾結的藤蔓。
You can't see any flowers from where you stand.	你站的地方看不到任何花朵。
There are small flowers growing along the moat.	護城河邊長著一些小花。
The guards are surprised at your sudden appearance.	衛兵們對你突然出現感到十分驚訝。
Before entering the castle, you remove your ring so as not to startle the ailing King.	進城堡之前，你先取下戒指，以免驚動臥病在床的國王。
These stone-faced guards must have been trained not to converse with anybody.  They ignore you, Sir Graham.	這些面無表情的衛兵，想必受過訓練不與任何人交談。他們對你視若無睹，格拉漢爵士。
The guards are well provided-for by King Edward.  They are not interested in any of your belongings.	愛德華國王待衛兵不薄，他們對你的任何物品都沒興趣。
These are the guards of your king, King Edward.  It would be very unwise to make enemies of them, Sir Graham.	這些是你的國王——愛德華國王的衛兵。格拉漢爵士，與他們結怨可不是明智之舉。
These stone-faced guards must have been trained not to show any type of affection.  They ignore you, Sir Graham.	這些面無表情的衛兵，想必受過訓練不表露任何情感。他們對你視若無睹，格拉漢爵士。
These guards protect the King's castle.	這些衛兵負責守護國王的城堡。
Just walk up to the portcullis and open it.	只要走到閘門前把它打開就行了。
This portcullis is the only entrance to the King's castle.	這道閘門是通往國王城堡的唯一入口。
These beautiful urns adorn the front of the castle.	這些精美的甕裝飾著城堡的正面。
You never know what sort of fierce creatures lie just beneath the surface of the moat.	你永遠不知道護城河水面下潛伏著什麼兇猛的生物。
There is a hole where the rock once was.	石頭原本所在的地方，現在留下一個洞。
You're in a shady forest clearing.  A large rock rests in the middle of the clearing next to a shallow hole where the rock used to sit.	你身處一片林蔭下的空地。空地中央有塊大石頭，旁邊有個淺洞，正是這塊石頭原本擺放的地方。
You're in a shady forest clearing.  A large rock rests in the middle of the clearing.	你身處一片林蔭下的空地，空地中央有塊大石頭。
There is a shallow hole where the rock once rested in.	石頭原本擺放的地方，現在留下一個淺洞。
There is an intricately carved dagger in the hole.	洞裡有一把雕工精細的短刀。
You see a large rock resting in the middle of the clearing.	你看見空地中央擺著一塊大石頭。
There's not a lot to see except for the grass beneath your feet and a couple of large rocks.	這裡沒什麼好看的，只有腳下的草地和幾塊大石頭。
There is nothing in this hole but dirt.	這個洞裡除了泥土什麼也沒有。
You are too far away from the hole to see into it.	你離那個洞太遠，看不清裡面。
There is no hole here.	這裡沒有洞。
There's nothing interesting about the dirt.	這些泥土沒什麼特別的。
You could see it better if you picked it up.	把它撿起來，你會看得更清楚。
You do not have a dagger to look at.	你身上沒有短刀可以看。
You can't read the runes, but it appears to be an elvish dagger of great antiquity.	你看不懂上面的符文，但這似乎是一把年代久遠的小精靈短刀。
You don't have any carvings to look at.	你身上沒有任何雕刻品可以看。
You are already standing in the hole.	你已經站在洞裡了。
You can just walk right over into the hole.  It's very shallow.	你可以直接走進那個洞，洞很淺。
You don't see a hole.	你沒看到洞。
You have thrown the dagger and it is lost forever.	你已經把短刀扔出去了，永遠找不回來了。
You've already accomplished that task.	你已經完成過這件事了。
You can't pick up the dagger while you're invisible.	你隱形的時候沒辦法撿起短刀。
You might be able to do that if you weren't ducking!	要是你沒蹲著，也許就能做到！
You are too far away to get the dagger.	你離得太遠，拿不到短刀。
There is no dagger here.	這裡沒有短刀。
The rock is much, much harder than your foot.  You'd injure yourself.	這塊石頭比你的腳硬得多，你會弄傷自己的。
It is a large rock.  There is a shallow hole in the ground where the rock used to sit.	這是一塊大石頭，地上有個淺洞，正是這塊石頭原本擺放的地方。
You see a large, grey rock.	你看見一塊灰色的大石頭。
There's nothing useful or interesting about this rock.	這塊石頭沒什麼有用或有趣的地方。
This rock is far too heavy for you to carry.	這塊石頭太重了，你搬不動。
You are much too far away to even attempt getting the rock.	你離得太遠了，根本不用嘗試去拿那塊石頭。
The rock is far too heavy to be picked up.	這塊石頭太重了，撿不起來。
It will be very difficult to move the rock from here.	從這裡要移動這塊石頭會很困難。
After moving that rock once, just the thought of moving it again exhausts you.	你已經搬過那塊石頭一次，光是想到要再搬一次就讓你筋疲力盡。
It's pretty hard to move the rock while you're invisible.	隱形的時候，要搬動石頭相當困難。
With a small shove, you manage to push the rock a few feet... revealing a shallow hole underneath.	你輕輕一推，把石頭推開了幾步……底下露出一個淺洞。
You reach into the hole and grasp the dagger, being careful not to cut yourself.	你伸手進洞裡抓住短刀，小心翼翼不讓自己受傷。
There are many smooth pebbles next to the lake.	湖邊有許多光滑的鵝卵石。
You're standing on a pebble strewn patch of sand on the river bank.	你站在河岸上一片滿是鵝卵石的沙地上。
You see your own boot-clad feet.	你看見自己穿著靴子的雙腳。
There is a beach of pebbles on its edge.	邊上有一片鵝卵石灘。
The sandy beach along the side of the lake is strewn with small pebbles.	湖邊的沙灘上散落著許多小鵝卵石。
The only rocks of interest are some pebbles on the beach.	唯一值得注意的石頭，就是沙灘上的那些鵝卵石。
From here it looks like an ordinary beach of pebbles.	從這裡看，這只是一片普通的鵝卵石灘。
The only rocks worth getting are some pebbles on the beach.	唯一值得撿的石頭，就是沙灘上的那些鵝卵石。
You are not close enough to the pebbles to get them.	你離鵝卵石不夠近，撿不到。
Your pockets cannot hold any more pebbles.	你的口袋裝不下更多鵝卵石了。
You can't pick up any of the pebbles while you are invisible.	你隱形的時候沒辦法撿起任何鵝卵石。
You grab a handful of pebbles.	你抓了一把鵝卵石。
You grab a pebble.	你撿起一顆鵝卵石。
You grab some pebbles.	你撿起幾顆鵝卵石。
As you slip into the water, the magic ring slips from your finger.	你滑入水中時，魔戒從你的手指上滑落了。
That's one giant leap for the fish!	對這條魚來說，這可是一大步啊！
Looks like all the fish are currently underwater.	看來所有的魚現在都在水面下。
The fish would make your clothes smell and wouldn't be any help on your quest.	那條魚只會讓你的衣服發臭，對你的冒險毫無幫助。
This is a serene mountain lake.	這是一座寧靜的山中湖泊。
In the woods to the north, you can just see what looks like an old stone well.	在北邊的樹林裡，你隱約看見一口像是古老石井的東西。
The sunlight glistens on the rippling water.	陽光在粼粼水波上閃耀。
Do you see any fish here at the moment?	你現在有看到任何魚嗎？
Perhaps you'll find a use for a fish in a different King's Quest, but not in this one.	也許在另一款《國王密令》裡，魚會派上用場，但這一款不會。
You already have the pouch.	你已經拿到皮袋了。
You found it already.	你已經找到了。
Haven't you found it yet?	你還沒找到嗎？
Inside the rotting stump you notice a small leather pouch.	你在腐朽的樹樁裡發現一個小皮袋。
Inside the decaying tree stump, you see nothing interesting.	在這個腐朽的樹樁裡，你沒看到什麼特別的東西。
Why don't you move closer to try that?	你何不靠近一點再試試看？
You peer into the darkness inside the log, but there's nothing at all inside.	你窺探樹幹內部的黑暗，但裡面什麼也沒有。
You're not close enough to see into the log.	你離得不夠近，看不進樹幹裡面。
From here you can see the stump is very old and rotting away.	從這裡你看得出這個樹樁又老又朽。
You can only vaguely see the stump from this distance.	隔著這段距離，你只能隱約看見那個樹樁。
Next to you is an old fallen tree trunk.  It's crumbling and rotted, and holds no interest for you... unless you have a fascination with termites!	你身旁有一根倒下的老樹幹，已經腐朽崩解，沒什麼好看的……除非你對白蟻特別著迷！
You can't see much of the log from over here.	從這裡看不清楚那根樹幹。
You're in a quiet part of the forest.  There's an old rotted stump here.	你身處森林一處僻靜的地方，這裡有個腐朽的老樹樁。
You can't see the termites unless you split open the log.  But that would be a waste of time.	除非劈開樹幹，否則你看不到白蟻，但那只是浪費時間。
You're not that hungry.  You hope that you NEVER become that hungry!	你沒那麼餓，你希望自己永遠都不會餓成那樣！
They're obviously more afraid of you than you are of them.  Leave them alone.	顯然牠們比你還怕，別去招惹牠們。
There is no reason to take this old log with you.	沒有理由把這根老樹幹帶在身上。
You are already carrying them in your leather pouch.	你已經把它們裝在皮袋裡帶著了。
You already have the leather pouch.	你已經有這個皮袋了。
There's no pouch here.	這裡沒有皮袋。
You have to find it first.	你得先找到它。
As you lift the pouch from the stump, you feel its contents shifting inside.	你把皮袋從樹樁上拿起時，感覺得到裡頭的東西正在晃動。
You should try getting closer.	你應該試著靠近一點。
A small, pleasant waterfall pours into a crystal clear lake.	一道小巧宜人的瀑布，注入一座清澈見底的湖泊。
A small spring bubbles up from the rocks here and splashes into the lake.	這裡的岩石間湧出一道小泉水，濺入湖中。
This is a peaceful little lake, fed by a nearby waterfall.	這是一座寧靜的小湖泊，由附近的瀑布注入湖水。
Flowing into this peaceful lake is a small waterfall.	一道小瀑布流入這座寧靜的湖泊。
The flowers are very beautiful.	這些花朵十分美麗。
The fish are certainly getting their exercise today.	這些魚今天倒是游得挺起勁的。
There is no fish here to look at!	這裡沒有魚可以看！
You won't be needing any fish on your quest.	你的冒險用不到魚。
You are standing in a clearing.  The view of the forest is most pleasant here.	你站在一片空地上，這裡眺望森林的景色十分宜人。
There is no fairy here.	這裡沒有仙女。
She is your fairy godmother.	她是你的教母。
It is impossible to acquire a fairy godmother.	你不可能得到一位教母。
There is no need to say, or do, anything.	你不需要說什麼，也不需要做什麼。
FAIRY GODMOTHER: "Gentle Sir Graham, I am your fairy godmother."	教母：「親愛的格拉漢爵士，我是你的教母。」
FAIRY GODMOTHER: "Your quest is indeed noble.  What little aid I can offer you is this protective magic spell, effective but a little while."	教母：「你的任務確實崇高。我能給你的些許幫助，就是這道守護魔法，只是效力短暫。」
FAIRY GODMOTHER: "I shall be watching over you, Sir Graham."	教母：「我會在一旁守護著你，格拉漢爵士。」
While you were wandering in the pen, the goat has wandered away.	你在羊圈裡四處閒晃時，山羊已經跑走了。
The goat doesn't see you anymore.	山羊再也看不見你了。
Silly!  Goats can't talk.	傻瓜！山羊不會說話。
Why?  The goat seems to be following you quite nicely.	為什麼？山羊看起來跟得挺乖的。
You wouldn't get very far carrying the goat.  Perhaps you can get him to follow you if you'd like to take him somewhere.	抱著山羊走不了多遠。如果你想帶牠去哪裡，也許可以讓牠跟著你走。
You cannot do that from outside the fence.	你在欄杆外做不到這件事。
What do you want to feed the old goat?	你想餵這隻老山羊吃什麼？
You can try, but be careful.	你可以試試看，但要小心。
Are you kidding? The goat would never let you!	你在開玩笑嗎？山羊絕不會讓你這麼做！
You do not have a carrot.	你身上沒有胡蘿蔔。
You are too far away.	你離得太遠了。
You and all your belongings are invisible. The goat can't see your carrot.	你和你身上所有的東西都是隱形的，山羊看不見你的胡蘿蔔。
Goats love carrots! The old goat quickly devours yours and stops following you.	山羊最愛胡蘿蔔了！老山羊很快就把你的胡蘿蔔吃光，也不再跟著你了。
Goats love carrots! The old goat quickly devours yours.	山羊最愛胡蘿蔔了！老山羊很快就把你的胡蘿蔔吃光了。
The goat is already following you.	山羊已經在跟著你了。
You need to get into the goat pen.	你得先進到羊圈裡。
You need to get a little closer.	你得再靠近一點。
The goat, unable to see either you or the carrot, is not impressed in the slightest by the carrot.	山羊既看不見你，也看不見胡蘿蔔，對這根胡蘿蔔絲毫不感興趣。
The goat must be on the other side of the goat pen.	山羊一定在羊圈的另一頭。
He's already dead, it just wouldn't be the same.	牠已經死透了，再做一次也沒什麼意思。
You can't do that while your invisible.	你隱形的時候沒辦法做這件事。
You don't have everything you need to do that.	你身上東西不齊全，沒辦法做這件事。
Pelting the goat with pebbles would be a slow and painful way to kill him.  If you feel you absolutely must do away with him, use a quicker method.	用鵝卵石砸山羊，是既緩慢又痛苦的殺法。如果你真的非除掉牠不可，用更快的方法吧。
You need to go into the pen to kill the goat.	你得先進到羊圈裡，才能殺這隻山羊。
You should get closer to the goat first.	你應該先靠近山羊一點。
You don't have a good weapon with which to kill the goat.	你身上沒有適合殺死山羊的武器。
Since you are invisible, everything you own is invisible.  The goat cannot see the carrot.	既然你是隱形的，你身上所有的東西也都是隱形的，山羊看不見那根胡蘿蔔。
There is no goat in the immediate area.	附近沒有山羊。
The fence is too high for you to jump over.	欄杆太高了，你跳不過去。
It would be easier to just open the gate.	直接打開閘門會容易得多。
It is high enough to keep the old goat from jumping over it.	這欄杆夠高，老山羊跳不過去。
The goat pen is crudely made of small tree limbs.  At the other end you see a gate.	這座羊圈是用細小的樹枝簡陋搭成的，另一頭有一道閘門。
You are in the small goat pen.	你在這座小羊圈裡。
Someone has built a small goat pen here.	有人在這裡搭了一座小羊圈。
You see a gate at the other end of the goat pen.	你看見羊圈的另一頭有一道閘門。
There must be a gate around here somewhere.	這附近一定有一道閘門。
That would be very much like beating a dead horse, wouldn't it?	那豈不是像鞭打死馬一樣，白費力氣嗎？
A gallant knight such as yourself would never attack an innocent goat.	像你這樣英勇的騎士，絕不會攻擊一隻無辜的山羊。
The old goat shows some interest in the carrot.	這隻老山羊對胡蘿蔔顯得有些興趣。
Very clever!  You tempt the goat with the carrot and he begins to follow you around.  You've made a friend!	真聰明！你用胡蘿蔔引誘山羊，牠開始跟著你到處走。你交到一個朋友了！
Oh, no!  The goat has escaped through the gate that you left open behind you.  He could have wandered anywhere by now.	糟了！山羊從你沒關上的閘門逃走了，現在牠可能跑到任何地方去了。
There is a small bush near the pen.	羊圈附近有一叢小灌木。
There are several willowy shade trees around the goat pen.	羊圈四周有幾棵柳枝搖曳的遮蔭樹。
This is the crude wooden fence that encloses the goat and his trough.	這是圍住山羊和牠飼料槽的簡陋木欄杆。
The goat, unable to see either you or the carrot, doesn't react to your offering.	山羊既看不見你，也看不見胡蘿蔔，對你遞出的東西毫無反應。
The goat seems to have left through the gate.	山羊似乎已經從閘門離開了。
The gate to the pen is open.	羊圈的閘門是開著的。
The goat pen is crudely made of small tree limbs. At this end you see a gate.	這座羊圈是用細小的樹枝簡陋搭成的，這一頭有一道閘門。
The gate to the pen is closed.	羊圈的閘門是關著的。
You see the goats trough near the other end of the pen.	你看見羊圈另一頭附近有山羊的飼料槽。
The gate is already open.	閘門已經是開著的了。
There is no need to close the gate, since the goat seems content to follow you.	不需要關上閘門，山羊看起來很樂意跟著你走。
The gate is already closed.	閘門已經是關著的了。
When you tempt the old goat with the carrot, he starts to follow you.	你用胡蘿蔔引誘老山羊，牠便開始跟著你走。
You had better wait for the goat, or he may not follow you.	你最好等等這隻山羊，不然牠可能不會跟上來。
While you are wandering about in the goat's pen, the goat grows tired of standing around waiting for you and decides to go on his separate way.	你在羊圈裡到處閒晃時，山羊等得不耐煩了，便自顧自地走開了。
The vines aren't strong enough to be of any use to you.	這些藤蔓不夠堅韌，對你沒什麼用處。
You have encountered an old stone well in the middle of these woods.	你在這片樹林中央發現一口古老的石井。
They raise their colorful faces to the sun.	它們仰起繽紛的臉龐，迎向陽光。
The deep well dissolves quickly into darkness; you can barely see the glint of rippling water at the bottom.	這口深井很快就隱沒在黑暗之中，你僅能勉強看見井底水波閃爍的微光。
You are not close enough to see into the well.	你離得不夠近，看不進井裡。
You see lush green Daventry grass.	你看見戴凡確王國蒼翠茂密的草地。
The well looks as if it's been here a long time.	這口井看起來已經存在很久了。
You can't quite see the bucket well enough to see if anything's in it.	你看不清楚水桶，無法確定裡頭有沒有東西。
From up here, you can't make out any details of the water below.	從這裡往下看，你沒辦法看清下方水面的細節。
You don't see any water here.	這裡沒有看到水。
All the water is at the bottom of the well.	所有的水都在井底。
Now that you've cut the rope, there's no way for you to get the bucket to the bottom of the well.	既然你已經割斷繩索，就沒辦法把水桶送到井底了。
You already have a bucket full of water.	你已經有一桶裝滿水的水桶了。
The goat refuses to go down the well.	山羊不肯下到井裡去。
The sides of this well are too slippery to climb down.	這口井的井壁太滑，沒辦法爬下去。
Since you've cut the rope there is nothing left to climb down on.	既然你已經割斷繩索，就沒有東西可以讓你爬下去了。
You could seriously injure yourself unless you lower the rope first.	除非你先把繩索放下去，否則你可能會嚴重受傷。
That bucket isn't big enough for you and that big goat!	那個水桶容不下你和那隻大山羊！
You'd look silly sitting in your bucket, since the bucket is no longer attached to the rope.	水桶已經沒繫在繩索上了，你坐在裡頭看起來會很傻。
That would be hard to do from up here.	從這裡很難做到那件事。
You can't jump into it while you're holding it.	你拿著它的時候，沒辦法跳進去。
You jump down the well trying to land near the bucket.	你跳下井裡，試著落在水桶附近。
You attempt to jump in the bucket, but miss.	你想跳進水桶裡，卻沒跳中。
The knots on the rope are too tight to untie.	繩索上的結打得太緊，解不開。
You already have the bucket.	你已經拿到水桶了。
The bucket is floating in the well.	水桶正漂浮在井裡。
The old bucket is securely fastened to a strong rope.	這個舊水桶牢牢繫在一條堅韌的繩索上。
You've already got the bucket!	你已經拿到水桶了！
The bucket is floating.	水桶正漂浮著。
The rope is already at the bottom of the well.	繩索已經在井底了。
The bucket is not here.	這裡沒有水桶。
Unfortunately, the rope is no longer attached to the bucket.	很不巧，繩索已經沒有繫著水桶了。
The old bucket is already at the top of the well.	這個舊水桶已經在井口了。
The rope is already at the top of the well.	繩索已經在井口了。
The bucket will be of the most use to you if you don't let go of it.	你如果不放開水桶，它對你會最有用處。
You have no way to cut the rope.	你沒有辦法割斷繩索。
Unfortunately, the rope is now in pieces in the bottom of the well.	很不巧，繩索現在已經斷成碎片，掉在井底了。
The bucket is floating freely at the bottom of the well.	水桶正自由漂浮在井底。
The rope is still wound up at the top of the well.	繩索仍然纏繞在井口。
You look in the wooden bucket and see water.	你看向木水桶，裡頭有水。
You peer into the wooden bucket but find it empty.	你窺看木水桶，卻發現裡面是空的。
You peer into the bucket but find it empty.	你窺看水桶，卻發現裡面是空的。
Move closer to the well.  You can't see in the bucket from here.	靠近水井一點，你從這裡看不進水桶裡。
There is no bucket in sight.	這裡看不到水桶。
The old bucket holds about a gallon of water.	這個舊水桶大約能裝一加侖的水。
This weathered old bucket has served the kingdom for years and years.  It still holds water as well as it did on the day it was made.	這個飽經風霜的舊水桶已經為王國服務了許多年，至今依然和剛做好那天一樣能裝水。
An old wooden bucket is visible at the top of the well.	井口可以看見一個舊木水桶。
This crank is used to lower and raise the bucket into the well.	這根搖柄是用來把水桶放下井裡或拉上來的。
The rope extends down into the blackness of the well.	繩索一路延伸到井底的黑暗之中。
You've cut the rope; there's none to be seen.	你已經割斷繩索，這裡看不到繩索了。
The rope is wound around the crank, hanging above the well.	繩索纏繞在搖柄上，懸掛在井口上方。
A healthy tangle of vines is coiled around the well.	一叢茂密的藤蔓纏繞著這口井。
After you are in the old bucket, your weight causes it to slowly descend.	你進到舊水桶裡後，你的重量讓水桶緩緩下降。
The old bucket disappears into the darkness.	舊水桶消失在黑暗之中。
The rope disappears into the darkness.	繩索消失在黑暗之中。
The rope and bucket are now lost in the bottom of the well.	繩子和水桶已經掉進井底，再也拿不回來了。
The rope is now lost in the bottom of the well.	繩子已經掉進井底，再也拿不回來了。
You cut the bucket off of the rope.	你把水桶從繩子上割了下來。
This side of the well is crumbling to pieces.  Try the other side.	井的這一側正在崩塌碎裂，試試另一側吧。
You can't do that when you are invisible!	你隱形的時候沒辦法這麼做！
The old bucket is at the bottom of the well.	那個舊水桶在井底。
You will find that very difficult to do from here.	你會發現從這裡很難做到這件事。
You are in a clearing in the forest.  You have the uneasy feeling that someone or something is watching you.	你身處森林中的一片空地，隱約感覺有什麼人或什麼東西正在注視著你。
You don't see a wolf here.	這裡沒有看到狼。
By the time you got out your slingshot and pebbles, and aimed them, the wolf would be upon you!	等你拿出投石器和鵝卵石瞄準好，狼早就撲到你身上了！
You have nothing with which to shoot the wolf...and even if you did, you probably couldn't.	你手邊沒有能拿來射狼的東西……就算有，你恐怕也做不到。
You'd need some sort of ammunition to even attempt such an inadvisable feat.	就算想嘗試這種不智之舉，你也得先有某種彈藥才行。
You're not talking about shooting yourself, are you?	你該不會是想射自己吧？
You have neither projectiles nor the means with which to propel them, should you want to attempt such a folly.	就算你真想做這種蠢事，你既沒有彈藥，也沒有發射彈藥的工具。
You could scarcely hope to bother the wolf by tossing pebbles at it!	光丟幾顆鵝卵石，你根本別想騷擾得了那隻狼！
There's nothing interesting to throw your pebbles at here.	這裡沒有什麼有趣的東西值得你拿鵝卵石丟。
You don't have any pebbles to throw.	你身上沒有鵝卵石可以丟。
The wolf's muscles are coiled steel springs. His massive jaws, razor-sharp teeth and long, wicked claws are a deadly blur. And you want to try to kill him? Better think again!	那隻狼渾身肌肉猶如盤緊的鋼製彈簧。牠碩大的下顎、剃刀般鋒利的牙齒，還有又長又凶惡的爪子，快得幾乎讓人看不清。你竟然想殺了牠？你最好再想想！
The wolf's muscles are coiled steel springs. His massive jaws, razor-sharp teeth and long, wicked claws are deadly blur. And you want to get him? Better think again!	那隻狼渾身肌肉猶如盤緊的鋼製彈簧。牠碩大的下顎、剃刀般鋒利的牙齒，還有又長又凶惡的爪子，快得幾乎讓人看不清。你竟然想抓住牠？你最好再想想！
He's too lean and wiry to make a good meal. But he'll make a good meal out of you if you don't run!	牠瘦巴巴、精實得很，當不了一頓好料理。但你要是不快跑，你倒會變成牠的美餐！
You'll be riding inside the wolf if you stand here.	你要是站在這裡不動，就會被狼一口吞進肚子裡。
It looks like the wolf has his stomach set on you.  Spend less time looking and more time escaping!	看樣子那隻狼盯上你的肚子了。別光顧著看，快逃命吧！
Without warning,  a wolf darts out of the bushes and runs straight for you.  Look out!   Don't let him catch you.	毫無預警，一隻狼從灌木叢中竄出，直朝你衝來。小心！別讓牠追上你。
Even your invisibility didn't hide you from the wolf's keen sense of smell.	就連隱形都瞞不過那隻狼靈敏的嗅覺。
There is an enormous oak tree growing here, its branches reaching up to the sky.	這裡長著一棵巨大的橡樹，枝椏直探天際。
You can't do that when you're invisible.	你隱形的時候沒辦法這麼做。
The old goat is afraid of heights and refuses to climb the tree.	那隻老山羊有懼高症，不肯爬樹。
Finding plenty of footholds in the coarse bark of the tree, you easily clamber up the trunk to the branches above.	樹皮粗糙、踩點很多，你輕鬆地攀著樹幹爬上了上方的枝椏。
You're too busy right now to climb a tree.	你現在正忙著別的事，沒空爬樹。
You can't climb a tree from here!	你在這裡沒辦法爬樹！
From here, you can see the battlements of King Edward's castle overlooking the garden.	從這裡，你可以看見愛德華國王城堡的城垛，俯瞰著這座花園。
Unfortunately, drowning in the lake is occupying all of your attention.	很不巧，你正忙著在湖裡溺水，沒空分心。
You are already swimming.	你已經在游泳了。
You have to be in the water to go swimming.	你得先在水裡才能游泳。
There are strong currents under the calm surface of this lake.  Diving here would be too dangerous.	這片湖面平靜，水下卻暗藏強勁的水流，在這裡潛水太危險了。
That's a dangerous proposition from here.	從這裡做這件事太危險了。
The bucket is already full of water.	水桶已經裝滿水了。
With difficulty, you fill the bucket while swimming.	你費了好大功夫，總算在游泳時把水桶裝滿了水。
You kneel down and fill the bucket with the cool water.	你跪下身，把水桶裝滿了清涼的湖水。
You do not have a bucket to put the water in.	你身上沒有水桶可以裝水。
There is no safe place from which to get a drink of water.	這裡沒有安全的地方可以喝水。
Wandering along the banks of a beautiful lake, you see a cute little elf.	你沿著這座美麗湖泊的岸邊漫步，看見一個可愛的小精靈。
Lush pine trees ring the lake.	茂密的松樹環繞著這座湖。
On this side of the lake, the banks of the lake are low and rocky.	湖的這一側岸邊低矮，遍布岩石。
The mountain is much too steep and rocky for you to climb.	這座山又陡又多岩石，你爬不上去。
Since you were not very polite to the elf, he has departed.	由於你對小精靈不太禮貌，牠已經離開了。
This particular elf doesn't care for close physical contact with strangers.	這個小精靈不喜歡和陌生人有肢體接觸。
The elf has done nothing to you.  Why hurt him?	小精靈根本沒對你做什麼，你為什麼要傷害牠？
There is no elf here.	這裡沒有小精靈。
There is a very pretty lake here; a small elf is wandering up and down the shore.	這裡有一座非常漂亮的湖泊，一個小精靈正沿著湖岸來回徘徊。
This is a clear mountain lake with some low and rocky banks surrounding it.	這是一座清澈的山中湖泊，周圍環繞著低矮多岩的湖岸。
You came too close to the shy little elf.	你靠這隻害羞的小精靈太近了。
The small elf seems friendly enough.	這個小精靈看起來還算友善。
Silly!  You can't get close enough to do that.	傻瓜！你根本沒辦法靠得夠近做這件事。
I'm surprised at you!  That is very impolite!	真讓我意外！這樣做太沒禮貌了！
You don't have anything to throw.	你身上沒有東西可以丟。
You should get closer to the little elf.	你應該靠近這隻小精靈一點。
There's no need to do that to the elf.	沒必要對這隻小精靈做這種事。
The elf is impressed by your friendliness and responds by handing you an elegant little ring.	小精靈被你的友善打動，回贈了你一枚精緻小巧的戒指。
ELF:  "I've had my eye on ye, Sir Graham.  Methinks you might enjoy this little trinket.  For just a wee bit o' time, it has the power to make ye invisible."	ELF:「我一直在留意你呢，格拉漢爵士。我猜你會喜歡這個小玩意兒——它能讓你在短時間內隱形。」
ELF:  "May it give ye as much entertainment as ye has given me this day!	ELF:「願它能像你今天帶給我的樂趣一樣，也帶給你同樣多的樂趣！
With that, the elf vanishes.	說完，小精靈就消失了。
Curiously, a large door has been built into the steep mountainside.	說也奇怪，陡峭的山壁上竟建了一扇大門。
It's a gold lock.  Coincidentally, you have a gold key.	這是一把金鎖。真巧，你身上正好有一把金鑰匙。
It's a gold lock.  Somewhere, there is a key that fits this lock.	這是一把金鎖。在某個地方，有把鑰匙能打開它。
There are many scattered pines around here.	這附近散布著許多松樹。
has:	擁有：
Just use your gold key to unlock the door.	只要用你的金鑰匙打開這扇門就行了。
Perhaps if you'd attended the Famous Adventurer's Correspondence School, you'd know how to pick locks. Sadly, you don't.	也許你上過「知名冒險家函授學校」的話，就會撬鎖了。可惜你沒上過。
Move closer to the door.	走近門一點。
You strike the door with all your might!   Unfortunately, the door doesn't give an inch.	你使出全身力氣猛擊那扇門！可惜，門紋絲不動。
It will be difficult to do that from here.	從這裡做這件事會很困難。
Move a little closer to the door.	再靠近門一點。
The door appears to be already open.	這扇門看起來已經開著了。
Using the gold key, you unlock the huge door...	你用金鑰匙打開了這扇巨大的門……
The huge door is locked.  You can't open it.	這扇巨大的門鎖著，你打不開。
How do you want to use the key?	你想怎麼使用這把鑰匙？
Wishing you had a key doesn't make it so, Sir Graham.	格拉漢爵士，光是希望有鑰匙，並不會讓鑰匙憑空出現。
You can't unlock the door without a key.	沒有鑰匙，你打不開這扇門。
This massive door is securely locked.	這扇巨大的門鎖得很牢固。
Through the keyhole you can dimly see a staircase.  It looks like it might go up into the mountain.	透過鑰匙孔，你隱約看見一座階梯，看起來似乎通往山的內部。
You need to get closer to the door's keyhole	你得靠近門上的鑰匙孔一點。
A huge wooden door has been built into the base of a steep mountain.  You notice a large keyhole in the door.	陡峭山腳下建了一扇巨大的木門，你注意到門上有個大大的鑰匙孔。
Don't be afraid.  Get close enough for a good look.	別害怕，靠近一點好好看清楚。
The only response you get is the echo of your pounding.	你得到的唯一回應，只有自己敲門聲的回音。
Wait for the goat while it tries to catch up.	等等那隻山羊，讓牠跟上來。
There are no beavers here now.	這裡現在沒有海狸。
This is a pretty little alpine lake.  There is a cool breeze here, and the lake shimmers softly in the quiet mountain air.	這是一座美麗的高山小湖，這裡涼風徐徐，湖面在寧靜的山間空氣中輕輕閃爍著光芒。
It looks as though there were beavers around here at one time.	看起來這一帶似乎曾經有過海狸。
Sunlight glistens on the rippling lake water.	陽光在盪漾的湖水上閃閃發光。
The fish are pretty jumpy in Daventry, aren't they?	戴凡確王國的魚還真是活蹦亂跳，不是嗎？
There aren't any fish here to see...at the moment.	現在這裡……暫時看不到任何魚。
There's no witch here at the moment.	現在這裡沒有巫婆。
This part of the forest is dark and creepy.  Shadows seem to jump out at you, and the trees are gnarled and misshapen.	這一帶的森林陰暗又詭異，陰影彷彿隨時會朝你撲來，樹木也扭曲變形、奇形怪狀。
This is not your friendly-type witch.	這可不是那種友善的巫婆。
Killing the witch would be very difficult right now, she is moving too fast!	現在要殺死這個巫婆很困難，她動作快得很！
There is no witch here at the moment.	現在這裡沒有巫婆。
The wicked witch is not interested in chitchat.	這個邪惡的巫婆沒興趣閒聊。
It looks as though she's already caught YOU!	看樣子，她已經抓住你了！
Are you kidding?	你在開玩笑嗎？
There's no way you can do that.  The witch is holding you with supernatural strength.	你不可能辦到這件事，巫婆正用超自然的力量抓著你。
You're too high for that.  You'd break your neck.	你飛得太高了，這麼做會摔斷脖子。
The witch is mad enough already without you worsening her mood.	巫婆已經夠生氣了，別再讓她的心情更糟。
With a screech and cackle, a witch swoops down from the skies above.  Look out!  She dips and turns and tries to catch you!	伴隨著尖嘯與狂笑，一個巫婆從天而降。小心！她俯衝迴旋，想要抓住你！
It's a good thing you're invisible!	幸好你是隱形的！
She's got you!  She grabs you by the neck with an iron grip, and carries you off to her cottage deep in the forest.	她抓到你了！她用鐵一般的力道扣住你的脖子，把你帶往她深藏在森林裡的小屋。
The opening to the cave is dark and ominous.	洞穴的入口幽暗又不祥。
You vaguely see the outline of a cave entrance.	你隱約看見一個洞穴入口的輪廓。
A large cave is at the edge of this meadow.	這片草地的邊緣有個大洞穴。
This is a large condor.  Its graceful flight appears effortless.  At times, it dives so low you can practically touch it!	這是一隻巨大的兀鷲，牠飛行的姿態優雅、毫不費力。有時牠俯衝得很低，低到你幾乎可以摸到牠！
There is no bird here.	這裡沒有鳥。
You could try getting it, if you could only reach it.	要是你能搆得到，或許可以試著抓住牠。
The condor is out of your reach.	這隻兀鷲你搆不到。
These rocks are a little too treacherous to climb.	這些岩石有點太危險了，不好攀爬。
The bird is too high to kill.  Besides, why would you want to kill such a fine, friendly bird?	這隻鳥飛得太高，殺不到。而且，你為什麼要殺這麼一隻優秀又友善的鳥呢？
The condor doesn't speak, but it's wiser than you probably suspect.	這隻兀鷲不會說話，但牠恐怕比你想像的更有智慧。
The goat begins to reply, but then remembers that goats can't talk!	山羊正想開口回答，卻猛然想起山羊根本不會說話！
As there's nobody here to speak to, the conversation quickly grinds to a halt.	這裡沒有人可以交談，對話很快就冷場了。
The surrounding boulders and trees are reflected on the small, mirror-like lake.	周圍的巨石與樹木，倒映在這面如鏡的小湖上。
The fish is simply trying to get a good look at you.	這條魚只是想好好看看你。
Looks like all the fish have taken a dive.	看來所有的魚都已經潛入水中了。
There's nothing fishy about this quest; you won't be needing any of them.	這趟冒險跟魚一點關係也沒有，你用不到牠們。
There is a huge stalk growing here!	這裡長著一根巨大的莖幹！
You see a fragrant patch of clover growing in this lush meadow.	你看見這片茂盛的草地上，長著一片芬芳的三葉草叢。
Upon close examination, you see a four-leaf clover in the clover patch.	仔細一看，你在這片三葉草叢裡發現了一株幸運草。
You see a clover patch.	你看見一片三葉草叢。
A patch of clover catches your attention.	一片三葉草叢吸引了你的注意。
You won't need to pick any of those, but they're very pretty to look at.	你不需要摘這些，不過它們看起來很漂亮。
You've already picked the only four-leaf clover in the patch.	你已經摘走了這片草叢裡唯一的一株幸運草。
You can't pick any clover while you're invisible.	你隱形的時候沒辦法採摘三葉草。
You've already picked the best clover in the patch.	你已經摘走這片草叢裡最好的幸運草了。
The three-leaf clovers are neither interesting nor helpful to you.	三葉草對你來說既沒意思也沒用處。
You can't climb this tree.	你爬不上這棵樹。
Catching the butterfly will not get you any closer to your goal.  And it might hurt the butterfly.	抓蝴蝶不會讓你更接近目標，還可能傷到牠。
Apparently the hot Daventry sun is getting to you.	看來戴凡確王國的烈日曬得你頭昏了。
The butterfly doesn't talk.	蝴蝶不會說話。
This is a charming little yellow butterfly.	這是一隻迷人的小黃蝴蝶。
An unusual clover glistens in the middle of the patch.	草叢中央有一株不尋常的幸運草閃閃發光。
You notice a patch of clover just a few short steps away.	你注意到不遠處有一片幸運草叢。
A jumble of clover grows in this patch of the forest.	森林這片區域雜亂地長著一叢幸運草。
A rough-hewn plank bridge spans the deep rushing river here.	這裡有座粗糙的木板橋，橫跨湍急的深河。
There is no one to talk to here.	這裡沒有人可以交談。
The trees flourish in the moist, healthy soil around the river.	河邊潮濕肥沃的土壤讓樹木長得十分茂盛。
As you start to cross the bridge, a huge, hulking troll stomps into view and blocks your way.  Even though you are invisible, the troll can sense your presence and will not allow you to cross his bridge.	你正要過橋時，一隻魁梧的矮精靈踏著沉重的腳步出現，擋住了你的去路。儘管你隱形著，矮精靈仍能感應到你的存在，不肯讓你過橋。
As you start to cross the bridge, a huge, hulking troll stomps into view and blocks your way.	你正要過橋時，一隻魁梧的矮精靈踏著沉重的腳步出現，擋住了你的去路。
As the troll pushes you back your ring slips off and falls into the river. It's gone forever!	矮精靈把你推了回去，戒指從你手上滑落，掉進河裡。永遠找不回來了！
It is a well known fact that goats hate trolls intensely.  You move aside and let the goat take care of this wretched, nasty troll.	眾所皆知，山羊對矮精靈恨之入骨。你讓到一旁，讓山羊去對付這隻可惡的矮精靈。
The goat lowers his head and runs straight for the troll, butting him right off the bridge and into the river below.  That's the last you'll see of that troll.	山羊低下頭，直直衝向矮精靈，一頭把牠撞下橋、掉進下方的河裡。你再也見不到那隻矮精靈了。
These rocks are worn smooth from countless years of swiftly flowing water.	這些石頭被湍急的流水沖刷了無數年，已經磨得十分光滑。
TROLL: "Well, what've we got here?  You think yer gonna cross my bridge, do you?  Not for FREE, you ain't."	矮精靈：「哼，這是什麼？你以為可以白白過我的橋？沒付錢，休想。」
TROLL: "Yer quite the little chatterbox, aintcha?  Well, lemmee warn ya, these bridges have been in my family for years and years, and nobody, especially not a puny little knight like yerself, has ever passed across one of our bridges without payin' our Troll Toll."	矮精靈：「你話還真多啊？好吧，讓我警告你，這座橋在我家族手裡傳了好幾代，從沒有人，尤其不會是你這種弱不禁風的小騎士，不付『過橋費』就想通過。」
TROLL: "Quit gabbin'.  Are you plannin' on paying my toll, or does I hafta get tough?"	矮精靈：「別廢話了。你到底要不要付過橋費，還是要我對你不客氣？」
A lovely tree overlooks a bend in the river.	一棵美麗的樹俯瞰著河流的轉彎處。
The turbulent river surges over and around the rocks, down the bend to the north.	湍急的河水衝過岩石，往北邊的彎道流去。
This is an attractive meadow.  A particularly large tree stands nearby.	這是一片迷人的草原，附近矗立著一棵特別高大的樹。
They're not ready to leave the nest yet!	牠們還沒準備好離巢！
The birds of Daventry prefer their food untouched by human hands.	戴凡確王國的鳥兒偏好沒被人手碰過的食物。
The mother bird is feeding her young in the nest high above you.	母鳥正在你頭頂高處的鳥巢裡餵食幼鳥。
The baby birds are very hungry.  It will be several weeks before they are able to start feeding themselves.	雛鳥非常餓，還要幾個星期才能自己覓食。
The nest houses a mother bird and her brood of two hungry baby birds.	鳥巢裡住著一隻母鳥和牠兩隻飢餓的雛鳥。
The windows are made from hardened sugar.   You can't see through them very well.	窗戶是用硬化的糖做成的，你看不太清楚裡面。
The candy canes on the window block your view.	窗上的柺杖糖擋住了你的視線。
Mmmmmm! The lovely aroma of baked gingerbread makes your mouth water.	嗯～剛烤好的薑餅香氣四溢，讓你垂涎三尺。
This is the sweetest little gingerbread house you've ever seen.  The walls are cake, the roof is frosting, the chimney is made from gummy bricks, and the candy path and cookie fence are unbearably tempting!	這是你見過最甜美的小薑餅屋。牆壁是蛋糕做的，屋頂是糖霜，煙囪是用軟糖磚砌成的，糖果小徑和餅乾圍籬更是誘人得讓人受不了！
You can't see much from here.	從這裡看不到什麼。
You are near a little gingerbread house in a forest clearing.	你來到森林空地中的一間小薑餅屋附近。
You must be getting nervous! There is no witch anywhere to be seen.	你一定緊張起來了吧！四周根本看不到什麼巫婆。
The path leads to the door.	這條小徑通往大門。
The whole house is made of candy.	整棟房子都是用糖果做的。
It is made of delicious chocolate chip cookies!	這是用美味的巧克力餅乾做成的！
The whole HOUSE is made of gingerbread!	整棟「房子」都是薑餅做的！
The entire ROOF is made of frosting!	整個「屋頂」都是糖霜做的！
Strangely enough, knocking on the door while invisible wouldn't make any sound!	說也奇怪，隱形的時候敲門根本不會發出聲音！
The door is already closed.	門已經關上了。
The windows are too hard to break.	窗戶太硬了，打不破。
You would have to get closer to the windows.	你得靠近窗戶才行。
You don't need to do that; opening the door would suffice.	你不必這麼做，打開門就夠了。
The door is around the corner.	門在轉角那邊。
The door is not locked.	門沒有上鎖。
Yummy!	好好吃！
You will have to move closer to do that.	你得靠近一點才能這麼做。
The gingerbread house with its frosting looks tempting, but you need to get closer.	覆著糖霜的薑餅屋看起來很誘人，但你得靠近一點。
As you begin to eat the house, a squeaky voice from somewhere says, "Nibble, nibble, little mouse.  Who is nibbling at my house?"	你剛開始啃房子，就聽見不知從哪傳來一個尖細的聲音說：「啃啊啃，小老鼠，是誰在啃我的房子？」
Yum! The house tastes even better than it looks!	好吃！這房子嚐起來比看起來還美味！
What candy would you like to eat? The whole house is made of candy.	你想吃哪種糖果？整棟房子都是糖果做的。
The cookies look delicious, but the house looks even better!	餅乾看起來很美味，但房子看起來更棒！
Eat a flower? That seems rather strange.	吃花？這聽起來相當奇怪。
As good as it looks, you're just a little bit suspicious about where all that candy came from.	雖然看起來很美味，你還是有點懷疑這些糖果是從哪來的。
It looks tempting, but you can't reach it from down here.	看起來很誘人，但你在下面搆不到。
You don't know how long they have been standing there.  Eating them probably wouldn't be a wise thing to do.	你不知道它們在那裡放了多久，吃下去恐怕不是明智之舉。
Something...or someone...must be cooking.	一定有什麼……或者什麼人……正在做菜。
The door is made from candy canes.	這扇門是用柺杖糖做成的。
As you knock on the candy cane door, a squeaky voice from inside the house says, "Who is there? I love visitors, especially young, tender ones! Come in, come in!"	你敲了敲柺杖糖做的門，屋裡傳出一個尖細的聲音說：「是誰啊？我最喜歡訪客了，尤其是年輕又嫩的！進來吧，快進來！」
There is no answer from inside the house.	屋裡沒有人回應。
The path to the front door is lined with little gingerbread boys and girls.	通往大門的小徑兩旁排滿了小薑餅男孩和女孩。
Gnarled, ancient trees loom in this dark part of the forest.	這片幽暗的森林裡，矗立著扭曲盤根的古老大樹。
These are some of the largest, plumpest walnuts you have ever seen.	這些是你見過最大、最飽滿的胡桃。
There are some walnuts nearby, under the walnut tree.	胡桃樹下附近散落著幾顆胡桃。
There are no more walnuts to be seen!	已經看不到更多胡桃了！
There is a large walnut tree surrounded by several pine trees.	一棵高大的胡桃樹被幾棵松樹環繞著。
If you've seen one pine tree, you've seen them all.	看過一棵松樹，等於全都看過了。
The tree is loaded with walnuts.	這棵樹上結滿了胡桃。
The walnuts are too hard to see from over here.	從這裡很難看清楚那些胡桃。
Actually, you were quite lucky:  you picked the only gold walnut in the bunch!  The rest are of no use to you.	其實你相當幸運：你摘到的正是這堆裡唯一的金胡桃！其餘的對你都沒有用。
You already have a gold walnut.	你已經有一顆金胡桃了。
Where can you get a gold walnut?	哪裡能找到金胡桃？
You've already picked the only walnut worth getting, though you may not have realized it!	你已經摘走了唯一值得拿的那顆胡桃，只是你可能還沒發現！
You already have one walnut, let's not be greedy.	你已經有一顆胡桃了，別太貪心。
You can't pick it up while you're invisible.	你隱形的時候沒辦法把它撿起來。
It looks like a walnut of some sort.	看起來像是某種胡桃。
What are you throwing at?	你想丟向什麼？
In the manner of a cruel schoolboy, you fling a pebble at the squirrel.  Fortunately, the squirrel is too quick for you.	你像個殘忍的小男孩一樣，朝松鼠丟了一顆鵝卵石。幸好松鼠的動作比你快多了。
You don't have any rocks to throw.	你沒有石頭可以丟。
There is no squirrel here.	這裡沒有松鼠。
The squirrel doesn't want one that you've touched.	松鼠不想要被你碰過的東西。
The squirrel seems hesitant about climbing its favorite walnut tree with you standing around!	你站在旁邊，松鼠似乎不太敢爬上牠最愛的胡桃樹！
There is no squirrel here at the moment.	這裡目前沒有松鼠。
Please don't bother the squirrel, it has a lot of work to do before next winter.	請別打擾松鼠，牠在下一個冬天來臨前還有很多事要忙。
You don't have anything to shoot the squirrel with.	你沒有東西可以拿來射松鼠。
You'll have to have some sort of small, hard projectile in order to use the sling.	你得先有某種小而堅硬的投射物，才能使用投石器。
What would a knight have to gain by murdering such a cute, inoffensive creature as a tiny squirrel?	殺死一隻可愛又無害的小松鼠，對一位騎士能有什麼好處？
It would be cowardly to kill the squirrel, and it would serve no purpose.  Act like a knight!	殺松鼠既懦弱又毫無意義，拿出騎士的樣子來！
The squirrel took the walnut you wanted.	松鼠拿走了你想要的那顆胡桃。
Pick another one instead.	換摘另一顆吧。
There are no more walnuts to pick.	沒有更多胡桃可以摘了。
You'll have to get closer to the nuts.	你得靠近那些胡桃才行。
You choose a big, meaty-looking walnut from the bunch scattered around.	你從散落一地的胡桃中，挑了一顆看起來大又飽滿的。
Naah, you'd get sticky sap and pine needles all over yourself.	算了吧，你會沾得滿身黏答答的樹脂和松針。
They're doing quite nicely where they are, thank you.	它們待在原地好好的，謝了。
There appears to be some sort of bowl sitting next to the tree.	樹旁似乎放著某種碗。
There appears to be some sort of bowl on the ground.	地上似乎放著某種碗。
From what you can see of it, it looks like a colorful bowl of some sort.	從你看到的樣子判斷，這像是某種色彩繽紛的碗。
The ground all around Daventry is carpeted with lush, green grass.	戴凡確王國四周的地面，鋪滿了茂盛翠綠的青草。
A gigantic beanstalk has grown here, stretching up until it disappears into the clouds above.	這裡長出了一株巨大的豆莖，一路向上延伸，直到消失在頭頂的雲層裡。
This is a charming little wooded area of the forest. Pine trees and lush grass grow in the especially rich soil here.	這是森林裡一小片迷人的林地，肥沃的土壤上長滿了松樹和茂密的青草。
Lovely pine trees abound in this forest.	這片森林裡到處都是美麗的松樹。
You've already picked it up.	你已經撿起來了。
You can't pick up the bowl while you're invisible.	你隱形的時候沒辦法撿起那個碗。
You are too busy.	你正忙著呢。
On the far side of the river is a green meadow.	河的對岸是一片綠色草原。
The meadow is on the other side of the river.	草原在河的另一邊。
Water rushes swiftly around the bend and over the rocks.	河水湍急地繞過彎道、越過岩石。
You see a lovely green meadow on the other side of the river.	你看見河的另一邊有片美麗的綠色草原。
The swiftly-moving water is even more dangerous than it looks.	湍急的河水比看起來還要危險。
The meadow is on the other side of the raging river.	草原在這條怒河流的另一邊。
Around the rugged rocks the reckless river rages.	洶湧的河水在崎嶇的岩石間肆虐奔騰。
High cliffs border a wild, raging river.	高聳的懸崖夾著一條狂野洶湧的河流。
You notice an enchanting meadow.	你注意到一片迷人的草原。
The meadow on the other side of the river looks very peaceful and enchanting.	河對岸的草原看起來十分寧靜迷人。
Some of the rocks poke up from the riverbed.  These rocks are actually very tall and treacherous!	河床上突出幾塊岩石，這些岩石其實又高又危險！
No way.  Who knows what squirmy, slimy creatures are lurking underneath?	才不要。誰知道底下潛伏著什麼扭來扭去的黏滑生物？
There are craggy rocks scattered around the forest. You hate to think of what's underneath them.	森林四處散落著崎嶇的岩石，你不敢去想岩石底下藏著什麼。
You are in an eerie, desolate part of the forest.	你來到森林裡一處陰森荒涼的地方。
The trees are bent and stunted, making the forest look even gloomier.	樹木彎曲又發育不良，讓森林看起來更加陰森。
There's nothing to be gained by reaching into the hole.	把手伸進洞裡不會有任何收穫。
You would need to be much smaller to fit through that hole.	你得小上許多，才能穿過那個洞。
You might just as well try to hold a moonbeam in your hand!	你不如試試用手抓住一道月光算了！
This rock is firmly stuck in the ground.	這塊石頭牢牢卡在地上。
Although you are very strong and healthy, this rock is too much even for you.	雖然你身強體健，這塊石頭還是太重，連你也搬不動。
The hole appears to go deep down through the rock, into the ground below.  You can barely make out a faint greenish glow somewhere far inside.	這個洞似乎深深穿透岩石，通往地底深處。你隱約能看見遠方深處有一絲微弱的綠光。
There seems to be a small hole at the base of one of the boulders.	其中一顆巨石底部似乎有個小洞。
An extremely large jumble of boulders sits in the center of this heavily wooded area.  At the base of one, you see a small hole.	這片茂密樹林的中央堆著一大堆巨石。你看見其中一顆的底部有個小洞。
You notice a small hole at the base of one of the craggy boulders in the center of the clearing.	你注意到，空地中央嶙峋巨石的底部有個小洞。
It seems to have a green tinge to it, but it's so faint you can't tell for sure.	它似乎帶著一抹綠色，但太過微弱，讓你無法確定。
What glow?	什麼光芒？
The ancient, mossy rock has seen many winters.  There is a small hole at its base.	這塊佈滿青苔的古老岩石，已經歷過許多個寒冬。它的底部有個小洞。
From where you're standing, it appears to be nothing more than a large rock.	從你站的地方看去，它似乎只是一塊大石頭。
Congratulations!  You now have all three of Daventry's lost treasures!  Now don't waste any time; bring the treasures straight back to King Edward before it's too late.	恭喜！你已經找齊了戴凡確王國失落的三件寶物！別再浪費時間了，趁一切還來得及，趕緊把寶物帶回去給愛德華國王。
You'll have to move closer.	你得靠近一點才行。
Large moss-covered trees surround a shallow, swampy lake.	長滿青苔的大樹，環繞著一座淺淺的沼澤湖。
Spotting the snake in the treetops you wisely decide that there are better trees to climb than this one.	你發現樹梢上有條蛇，明智地決定去爬別棵樹。
You'll wind up with a useless dead snake and a guilty conscience.	到頭來你只會得到一條沒用的死蛇，還有滿滿的罪惡感。
The snake's small red tongue flicks at the air, tasting your presence in the swamp.	蛇的小紅舌頭在空氣中吐信，感應著你在沼澤裡的存在。
Even if the snake could hear you, it wouldn't have anything to say.	就算蛇聽得懂你說話，牠也無話可說。
The huge snake is watching you very closely, and its intentions are less than friendly.	那條巨蛇正緊盯著你，來意顯然不太友善。
Numerous flowers are growing in the fertile soil.	肥沃的土壤裡開滿了各式花朵。
The flowers' fragrance is enticing.	花朵散發出誘人的香氣。
It would be a shame to pick the lovely wildflowers.	摘下這些美麗的野花實在太可惜了。
Lovely wildflowers grow profusely in this beautiful green meadow.	這片美麗的綠色草原上，遍地盛開著可愛的野花。
A mighty beanstalk has sprouted from the magic beans you planted!  Around the beanstalk, several varieties of wildflowers are growing.	你種下的魔豆長出了一株雄偉的豆莖！豆莖四周開著好幾種野花。
The wildflowers are very beautiful here.	這裡的野花非常美麗。
A natural rock bridge crosses the steep, slippery banks of the river here.	這裡有一座天然的石橋，橫跨過又陡又滑的河岸。
As the troll pushes you back your ring slips off your finger and into the raging river below. It's lost forever!	矮精靈把你推了回去，戒指從你的手指上滑落，掉進下方湍急的河水中。它永遠消失了！
The water is particularly perilous as it passes downstream through this gully.	河水流經這道溝壑往下游而去時，格外危險。
GNOME: "How in the world did you think of that?  That's not even close."	矮人：「你到底是怎麼想到那個的？差得可遠了。」
You weren't invited into the gnome's house.	矮人並沒有邀請你進去他家。
There's a rock over by the bush, but this rock is nothing compared to the one the gnome lives in!	灌木叢旁有塊石頭，但跟矮人住的那塊比起來根本不算什麼！
The gnome's house is carved right into the rock between three trees.	矮人的家就鑿在三棵樹之間的岩石裡。
The broad leaves provide shade for the gnome during the hot summer months.	寬大的樹葉在炎熱的夏季為矮人遮蔭。
The roots of the three trees grow freely around the gnome's house.	三棵樹的樹根，恣意地在矮人家周圍蔓生。
This hole, carved into the side of the rock, is the entrance to the gnome's home.  It's too dark inside to make out any details, and the gnome probably prefers it that way.	這個鑿在岩壁上的洞口，就是矮人家的入口。裡頭太暗了，看不清任何細節，矮人大概也樂得如此。
The wizened gnome went inside his house.	那位乾瘦的矮人走進了他家裡。
You see a wizened old gnome sitting in front of his house, whittling.	你看見一位乾瘦的老矮人，坐在家門前削著木頭。
You are speaking with a wizened old gnome.	你正在和一位乾瘦的老矮人說話。
You see a wizened old gnome walking to his house.	你看見一位乾瘦的老矮人正走回家去。
Why?  The gnome has done nothing to you.	為什麼？矮人又沒對你做過什麼。
The gnome isn't here.	矮人不在這裡。
You won't need any straw on your quest.	你的冒險用不到稻草。
The gnome spun that gold out of straw! You can't take it, but don't worry. If you needed it, the gnome would give it to you.	矮人把那些黃金用稻草紡出來的！你不能拿走，不過別擔心，如果你需要，矮人自然會給你。
The spinning wheel helps the gnome make his living. Please don't take it.	這台紡車是矮人賴以維生的工具，請別拿走它。
Only gnomes know how to do that.	只有矮人才懂得怎麼做那件事。
Now what in the world would you do with a gnome?	你到底要拿一個矮人來做什麼？
GNOME: "Ooooh, very close, very close!  But not quite right!"	矮人：「噢～很接近了，很接近了！但還不完全對！」
The gnome is busy whittling, and doesn't notice you.	矮人正忙著削木頭，沒注意到你。
What do you think I am, a car?  This also won't get you a raise.  Nice try.	你以為我是什麼，一輛車嗎？這樣也加不了薪。想得美。
GNOME: "Please, keep guessing, won't you?"	矮人：「拜託，繼續猜嘛，好不好？」
GNOME: "Really, Sir Graham!"	矮人：「格拉漢爵士，真是的！」
The gnome momentarily pauses in response to the mysterious voice, then resumes his whittling.	矮人聽到這個神秘的聲音，停頓了一下，接著又繼續削木頭。
GNOME: "You still haven't guessed my name!"	矮人：「你還沒猜出我的名字呢！」
The gnome can't hear you from there!	你站在那裡，矮人聽不見你說話！
GNOME: "Where did you get that idea?  That's not even close!"	矮人：「你這想法是打哪來的？差得可遠了！」
GNOME: "You have only one guess left, Sir Graham!"	矮人：「格拉漢爵士，你只剩最後一次機會了！」
The gnome momentarily pauses in response to the mysterious voice, then resumes his whittling	矮人聽到這個神秘的聲音，停頓了一下，接著又繼續削木頭
The gnome is busy whittling, and doesn't hear your guess.  Move closer and give it another try.	矮人正忙著削木頭，沒聽見你的答案。靠近一點，再試一次吧。
GNOME: "That's right!  Outstanding!  I didn't think you were THAT clever."	矮人：「答對了！太厲害了！沒想到你有這麼聰明。」
GNOME: "As a reward for your sharp intellect, here are some beans.  They're no ordinary beans, but it's up to you to find out why."	矮人：「為了獎勵你的機智，這裡有一些豆子。它們可不是普通的豆子，至於為什麼，就由你自己去發現吧。」
GNOME: "Somebody as smart as yourself should have no problem at all.  <giggle>"	矮人：「像你這麼聰明的人，這應該難不倒你才對。〈竊笑〉」
GNOME: "Well, step over here so I can give them to you."	矮人：「來，走過來這邊，讓我把它們交給你。」
GNOME: "You didn't guess my name, but I am still going to help you, Sir Graham."	矮人：「格拉漢爵士，雖然你沒猜中我的名字，但我還是會幫你的。」
GNOME: "Take this golden key.  It will aid you on your quest, Sir Graham, but it's up to you to find out how!"	矮人：「格拉漢爵士，拿去這把金鑰匙。它會在你的冒險中幫上忙，至於怎麼用，就由你自己去發現吧！」
GNOME: "Well, step over here so I can give it to you."	矮人：「來，走過來這邊，讓我把它交給你。」
GNOME: "Here you are.  Good luck on your quest."	矮人：「拿去吧。祝你冒險順利。」
GNOME: "Er, pardon me, Sir Graham, but you're blocking my home.  I have other adventurers to help and other puzzles to pose!"	矮人：「呃，格拉漢爵士，不好意思，你擋住我家的門了。我還有其他冒險者要幫忙、還有其他謎題要出呢！」
GNOME: "Thank you, Sir Graham."	矮人：「謝謝你，格拉漢爵士。」
GNOME: "So, you've come back!  Good for you, Sir Graham!"	矮人：「哦，你又回來了！格拉漢爵士，真有你的！」
GNOME: "Welcome, Sir Graham.  I have been expecting you."	矮人：「歡迎，格拉漢爵士。我一直在等你。」
GNOME: "I have something that will be of great use to you.  But first, Sir Graham, you must answer this riddle.  I'll give you three guesses.  What is my name?"	矮人：「我有樣東西對你會很有用。不過格拉漢爵士，你得先回答這個謎題。我給你三次機會，猜猜我叫什麼名字？」
GNOME: "It's been delightful chatting with you, Sir Graham.   I get so few visitors... Perhaps it's the fault of that thickheaded troll."	矮人：「格拉漢爵士，跟你聊天真愉快。我這裡訪客實在不多……也許都要怪那個榆木腦袋的矮精靈。」
mad	生氣
really mad	非常生氣
It is of no use to keep guessing the gnome's name.	再繼續猜矮人的名字也沒有用了。
GNOME: "You have only one guess left."	矮人：「你只剩最後一次機會了。」
GNOME: "You still have two guesses."	矮人：「你還有兩次機會。」
This is the gnome's spinning wheel.	這是矮人的紡車。
This is a pile of gold.	這是一堆黃金。
There is a small pile of straw here.	這裡有一小堆稻草。
As the troll pushes you back your ring slips off and falls into the river, to be lost forever.	矮精靈把你推了回去，戒指滑落，掉進河裡，永遠消失了。
The river ripples as it rushes over the rocks.	河水沖過岩石，激起陣陣漣漪。
You can just walk out of the river.	你可以直接走出河流。
The swift current is making it impossible to swim.	湍急的水流讓你根本無法游泳。
Off to one side is a clear blue lake surrounded by a pretty meadow.  A swift river flows into the lake.	一旁是一座清澈的藍色湖泊，四周環繞著美麗的草原，一條湍急的河流注入湖中。
The pretty meadow surrounds the clear blue lake.	美麗的草原環繞著這座清澈的藍色湖泊。
The clear blue lake is surrounded by a pretty meadow.	這座清澈的藍色湖泊，四周環繞著美麗的草原。
The river gets to be rather rough around these parts.	河水流到這一帶變得相當湍急。
You glance under the old bridge, but see nothing unusual.	你瞄了一眼舊橋底下，沒發現什麼異常。
There are some large rocks jutting out of the river here.	這裡的河面上突出幾塊大石頭。
There are rocks and small boulders all along the lakeshore.	湖岸邊到處是石頭和小巨石。
You see a clear blue lake surrounded by a pretty meadow.	你看見一座清澈的藍色湖泊，四周環繞著美麗的草原。
The pretty meadow surrounds a clear blue lake.	美麗的草原環繞著一座清澈的藍色湖泊。
The river, barely visible off to the west, empties into the lake.	西邊隱約可見的河流，注入了這座湖泊。
A few trees sit near a clear blue lake.	幾棵樹佇立在一座清澈的藍色湖泊旁。
This is a jumping fish.  You'd jump, too, if you lived in such cold water!	這是一條會跳躍的魚。要是你也住在這麼冷的水裡，也會跳個不停！
At the moment, you'd only be able to see the fish from underwater!	此刻，你只有潛到水裡才看得見這條魚！
The fish would do you no good except to attract the attention of every cat in the kingdom!	這條魚對你一點用也沒有，頂多只會引來全王國貓咪的注意！
In the condition the cottage is in, that might be dangerous.	以這間小屋目前的狀況來看，這麼做恐怕很危險。
Upon closer inspection you realize this poor cabin doesn't even have a door.	你仔細一看才發現，這間破舊的小屋根本連門都沒有。
The roof is sadly in need of reshingling. It leaks in several dozen places.	這屋頂實在需要重新鋪瓦了，好幾十個地方都在漏水。
This is the saddest-looking roof you've ever seen.  Made of thatched bark, it clearly won't keep the rain out.  It's sagging slightly, too...it looks like it might fall in if it isn't repaired soon!	這是你見過最悽慘的屋頂了。它是用茅草樹皮蓋成的，顯然擋不住雨水，而且還有點下陷……看起來要是再不修，很快就會塌下來！
The chimney seems to be the only part of the cottage that doesn't need repairing.	這間小屋似乎只有煙囪不需要整修。
Inside, you can see the woodcutter feeding stew to his wife.  Somehow, the shaky little hut looks cheerier inside already!	你看見屋裡的樵夫正餵妻子喝燉肉湯。不知怎地，這間搖搖欲墜的小屋，裡頭看起來已經開朗多了！
When you look in the doorway, you see a poor starving woodcutter and his wife.	你朝門口望去，看見一位可憐挨餓的樵夫和他的妻子。
From where you're standing, you can see that the cottage doesn't even have a door.	從你站的地方看去，你發現這間小屋根本連門都沒有。
It was made from rough, hand-hewn logs long ago.  Lately, the upkeep has faltered.  There are even holes in the roof.	這是很久以前用粗糙的手削原木蓋成的。近來乏人維護，屋頂上甚至還有破洞。
Through the small paneless window, you see a very relieved woodcutter feeding hot stew to his wife.	透過那扇沒有玻璃的小窗，你看見一位如釋重負的樵夫，正餵妻子喝熱騰騰的燉肉湯。
Through the small paneless window, you see a poor starving woodcutter and his bedridden wife.	透過那扇沒有玻璃的小窗，你看見一位可憐挨餓的樵夫和他臥病在床的妻子。
You are unable to see in the window from here.	你在這裡沒辦法看進窗戶裡。
You're standing too far away from the house to see inside.	你離這間房子太遠了，看不見裡面。
There is a window on the front of the house.	房子正面有一扇窗戶。
You see the cottage of the poor woodcutter and his wife.  You helped them both tremendously by giving them the magic bowl of hot stew.	你看見這間可憐樵夫夫妻倆住的小屋。你送給他們那個裝滿熱燉肉的魔法碗，幫了他們很大的忙。
You see a cottage in shambles.  It saddens you to think that somebody might still live there.	你看見一間破敗不堪的小屋。一想到可能還有人住在裡面，你就感到難過。
Perhaps you should go inside the cottage for a better look.	也許你該進去小屋裡看個仔細。
You can't see inside the door from where you're standing.  Perhaps if you moved a little closer.	你站在這裡看不進門內，也許再靠近一點會比較好。
An old axe is permanently wedged into the tree stump.	一把老斧頭牢牢卡在樹樁裡，怎麼也拔不出來。
The handle has been broken and repaired.  The head shows the signs of many sharpenings.	斧柄斷過又修補過，斧頭上滿是多次磨利的痕跡。
The trees were cut from these stumps years ago with this ax.	多年前，這些樹樁上的樹木就是用這把斧頭砍下的。
The trees were cut from these stumps years ago.	多年前，這些樹木就是從這些樹樁上砍下的。
The old axe is tightly wedged in the tree stump.  You cannot remove it no matter what you do.	這把老斧頭緊緊卡在樹樁裡，不管你怎麼做都拔不出來。
How are you going to use the axe when you can't even get it out of the stump?	你連斧頭都拔不出樹樁，要怎麼用它？
It is an ancient, rusty water pump.  It probably doesn't even work.	這是一台老舊生鏽的手壓幫浦，恐怕根本不能用了。
The rusty pump doesn't work.	這台生鏽的幫浦壞了。
You need to get closer.	你得靠近一點。
You need to go inside to do that.	你得先進到裡面才能這麼做。
You can't do that now.	你現在還不能這麼做。
There isn't a glass pane in this window.	這扇窗上沒有玻璃。
You are not close enough.	你離得不夠近。
You should really try to find the door.	你真的該想辦法找到門才對。
You see the back of the old tumbledown cottage, badly in need of repair.	你看見這間搖搖欲墜的老舊小屋的背面，急需整修。
A patchwork of old boards keeps the house together.	幾塊拼湊起來的舊木板，勉強撐住這間房子。
Perhaps you should go inside the house for a better look.	也許你該進去房子裡看個仔細。
You could get a much better view if you were a little bit closer.	你要是再靠近一點，視野會清楚許多。
When you look in the window, you see a poor starving woodcutter and his wife.	你從窗戶望進去，看見一個貧窮挨餓的樵夫和他的妻子。
You see the woodcutter feeding his poor wife.  Some of the color seems to have come back into her cheeks.	你看見樵夫正在餵他可憐的妻子吃東西，她的臉頰似乎稍微恢復了血色。
There is a window on the back of the house.	房屋後面有一扇窗戶。
There might be someone home.	家裡似乎有人在。
You are in a gloomy forest clearing.	你身處一片陰暗的森林空地。
This lovely meadow is split by a wild, raging river.	這片美麗的草原被一條奔騰洶湧的河流一分為二。
There is a mushroom in the meadow on the other side of the raging river.	怒河流的對岸草原上有一朵蘑菇。
There is a large mushroom in the meadow next to the river.	河邊的草原上有一朵大蘑菇。
There is a large mushroom growing in the ground close by.	附近的地上長著一朵大蘑菇。
There is nothing of interest around you.	你四周沒有什麼值得注意的東西。
You see the familiar side of the raging river.	你看見這條怒河流你熟悉的這一岸。
The land across the river looks enchanting.  You wonder how you can get there.	河對岸的土地看起來迷人極了，你不禁想著該怎麼過去。
It would be too dangerous to try and jump from boulder to boulder.	想從一顆巨石跳到另一顆巨石實在太危險了。
The swiftly-moving water looks dangerous.	湍急的水流看起來很危險。
You hold the mushroom up to your nose and inhale the fragrance. It smells just like a fresh-picked mushroom should.	你把蘑菇舉到鼻子前聞了聞，聞起來就像剛採下的新鮮蘑菇一樣。
You can just detect the aroma of fresh mushroom.	你隱約聞到新鮮蘑菇的香氣。
Yes, there's a definite mushroom tang in the air.	沒錯，空氣中確實帶著蘑菇的氣味。
You've already picked it.	你已經摘過了。
The mushroom is on the far side of the river.	蘑菇在河的對岸。
You can't pick the mushroom while you're invisible.	你隱形的時候沒辦法摘蘑菇。
Far in the distance, you can see the spires and turrets of King Edward's castle.	遠方，你能看見愛德華國王城堡的尖塔與角樓。
You don't have the mushroom anymore.	你身上已經沒有蘑菇了。
A large bulbous mushroom grows in the distance.	遠處長著一朵碩大渾圓的蘑菇。
This is a small, aromatic mushroom.	這是一朵小巧芳香的蘑菇。
The rampaging river roils around the rough rocks.	狂暴的河水在嶙峋的岩石間翻騰。
The water is swiftly flowing around the rock.	河水湍急地繞著岩石流過。
The water cascades down a small waterfall here.	河水在這裡形成一道小瀑布傾瀉而下。
You need to be closer to do that.	你得靠近一點才能這麼做。
The face of the cliff is too steep for you to climb.	這面峭壁太陡了，你爬不上去。
In the depths of the large hole you seem to sense a faint, green glow.	在這個大洞的深處，你似乎察覺到一絲微弱的綠光。
Don't be afraid... get closer.	別害怕……靠近一點。
There is a hole in this part of the meadow.	這片草原上有一個洞。
Beautiful spring flowers ring the meadow.	美麗的春花環繞著這片草原。
The meadow is bounded by a steep cliff. There is a deep hole in the ground.	這片草原以一面陡峭的懸崖為界，地上還有一個很深的洞。
Off in the distance, you can see the beautiful snow-capped mountains of Daventry.	遠方，你能看見戴凡確王國美麗的雪山。
As you struggle to retain your balance, the magic ring slips from your finger and vanishes.	你奮力想保持平衡時，魔戒從你的手指上滑落，消失無蹤。
There is no need to throw the dagger, there are no enemies here.	沒必要投擲短刀，這裡沒有敵人。
You can't climb down the rope any farther.	你沒辦法再順著繩索往下爬了。
You are as far down as you'll get without being in the water.	不下水的話，你已經爬到能到的最低處了。
You can't climb down while swimming.	你游泳時沒辦法往下爬。
There's no point in becoming invisible here; the well is dark enough as it is.	在這裡隱形沒有意義，這口井本來就夠暗了。
You're frantically swimming in the cold water of the well	你正在井裡冰冷的水中拚命游著
You're suspended in a bucket above the cold water below.	你懸掛在水桶裡，位於下方冰冷的井水之上。
You are hanging on a rope, above the cold well water below.	你吊掛在繩索上，位於下方冰冷的井水之上。
You can just see the opening of the well above you.	你隱約能看見上方井口的開口。
You can barely see the bottom of the well.	你幾乎看不清井底。
You see the well water below you.	你看見下方的井水。
You are sitting in the bucket.	你坐在水桶裡。
Algae and lichen cover the damp well walls.	潮濕的井壁上覆滿了藻類與地衣。
There is no reason to stop swimming.  You may drown.	沒有理由停止游泳，你可能會淹死。
You cannot stop something you haven't started.	你沒辦法停止一件根本還沒開始的事。
You already are swimming.	你已經在游泳了。
You have to be swimming before you can go diving.	你得先游泳，才能潛水。
You're too busy drowning right now.	你現在正忙著淹死，沒空做別的事。
You can't climb up the wall from there.	你沒辦法從那裡爬上牆。
There is no rope here.	這裡沒有繩索。
Leave the rope where it is; you may find a use for it later.	讓繩索留在原地，你之後也許用得上。
You leap out of the water and grab the rope.	你從水裡一躍而起，抓住繩索。
You're too busy drowning at the moment.	你現在正忙著淹死，沒空做別的事。
You can't climb up the rope from there.	你沒辦法從那裡爬上繩索。
You don't have a dagger.	你身上沒有短刀。
You can't cut the rope from here.	你沒辦法從這裡切斷繩索。
You're already sitting in the bucket.	你已經坐在水桶裡了。
You leap out of the water and climb into the bucket.	你從水裡一躍而起，爬進水桶裡。
There's no point in sitting in there.	坐進去沒有意義。
Jumping into the bucket is not only pointless, it's dangerous.	跳進水桶不僅沒有意義，還很危險。
It's too late for that.  You'll never get into the bucket now.	太遲了，你現在已經進不了水桶了。
There is no bucket here.	這裡沒有水桶。
Just jump into the water if you like.	你想的話，儘管跳進水裡吧。
You're busy drowning at the moment.	你現在正忙著淹死，沒空做別的事。
You drink all the water in the bucket.  You must have been thirsty!	你把水桶裡的水全喝光了，看來你一定是渴壞了！
You open your mouth and swallow some water.	你張開嘴巴，吞了幾口水。
It's hard to jump without solid ground under your feet.	腳下沒有堅實的地面，很難跳起來。
You are not in the bucket.	你不在水桶裡。
Jumping will take you where you want to go.	跳下去就能帶你到你想去的地方。
You have taken the bucket already.	你已經拿走水桶了。
You manage to take the bucket.	你成功拿到了水桶。
It would be easier if the bucket wasn't attached to the rope.	要是水桶沒綁在繩索上，事情會容易得多。
This weathered old bucket has withstood many years of use.	這只飽經風霜的舊水桶，已經耐用了許多年。
The rope is thick and sturdy; it can easily support many times your weight.	這條繩索又粗又堅固，輕輕鬆鬆就能承受好幾倍你的體重。
Though you try, the fall has knocked the wind out of you, and your lungs quickly fill with water.	儘管你努力掙扎，這一摔已經讓你喘不過氣，肺裡很快就灌滿了水。
You have taken the only bucket.	你已經拿走了唯一的水桶。
There's no bucket here.	這裡沒有水桶。
You're climbing a rope, suspended inside a dark, damp well.	你正攀著繩索，懸在一口陰暗潮濕的井裡。
The old rope extends into the sunlight far above you.	這條老舊的繩索一路延伸到你頭頂上方的陽光裡。
Below you, you see the well's cold, dark water.	在你下方，你看見井裡陰暗冰冷的水。
Just below you, there's an old, weathered bucket.	就在你下方，有一只飽經風霜的舊水桶。
You can't stand at the moment.	你現在沒辦法站起來。
The bucket in which you're sitting is suspended a short distance above the well's cold, dark water.	你坐著的這只水桶，懸在井裡陰暗冰冷的水面上方不遠處。
You're sitting in a bucket, suspended inside a dark, damp well.	你坐在水桶裡，懸在一口陰暗潮濕的井裡。
You'll have to be holding the bucket first.	你得先抓住水桶才行。
Unfortunately, the walls of the well are too slick and slimy to be climbed.	可惜井壁又滑又黏，沒辦法攀爬。
When the goat saw how dark it was in here, it decided not to stay around.	山羊一看這裡有多暗，就決定不留在這裡了。
The cave walls are hewn from the living rock of the mountain.  They're dark, cold, and covered with a thin layer of slime.	洞穴的牆壁是從山體的岩床鑿刻而成，陰暗冰冷，還覆著一層薄薄的黏液。
It is a huge piece of granite.	這是一大塊花崗岩。
This is a large, apparently vacant cave.  Damp and cool, the cave is lit only by the sunlight streaming in through the cave's entrance to the west.	這是一個空曠寬敞的洞穴，似乎空無一物，陰涼潮濕，唯一的光源是從西邊洞口灑進來的陽光。
A large boulder is blocking what may be another entrance to this cave.	一塊巨石擋住了這個洞穴另一個可能的入口。
It took millenniums for these stalagmites and stalactites to form.	這些石筍與鐘乳石經過了千萬年才形成。
Looking out the cave opening, you are able to admire the beautiful scenery outside.	望向洞口，你能欣賞到外頭美麗的景色。
It leads to another portion of the cave.	它通往洞穴的另一個區域。
This opening is blocked by a large boulder.	這個洞口被一塊巨石擋住了。
It is on the far side of the cave.	它在洞穴的另一端。
It is far too heavy to carry around.	它太重了，帶不走。
You need to move closer to try that.	你得再靠近一點才能試試看。
It is impossible for you to move a boulder this large.	你不可能搬得動這麼大的一塊巨石。
Yeech.  Fear not, you won't need it.	呃……別擔心，你用不到它。
There is nothing of interest on top of the boulder.	巨石上面沒有什麼值得注意的東西。
The brackish water would not be too satisfying.  It may even make you sick.	這種帶鹹味的濁水喝起來不會怎麼可口，說不定還會讓你生病。
Drops of brackish water fall from the stalactites.	鐘乳石上滴落著帶鹹味的濁水。
Small puddles of water, acrid and unpleasant, collect beneath the dripping rock formations above.	上方滴水的岩層下方積著一灘灘刺鼻難聞的水窪。
The bucket doesn't have water in it.	水桶裡沒有水。
The dragon is dead.  His fire can no longer harm you.	巨龍已經死了，牠的火焰再也傷不了你。
You have already doused the dragon's fire.  It has crept off in embarrassment!	你已經澆熄了巨龍的火焰，牠尷尬地悄悄溜走了！
Maybe you should try that from a different spot.	也許你該換個地方試試看。
This boulder is a huge chunk of granite.	這塊巨石是一大塊花崗岩。
In this large underground cavern, there is one slimy green dead dragon, an opening on one side, and a very large boulder.	在這個寬闊的地底洞穴裡，有一條渾身黏液的綠色巨龍已死，一側有個洞口，還有一塊碩大的巨石。
There is a dead dragon, a large boulder, and a seemingly ordinary mirror in the cave.	洞穴裡有一條死去的巨龍、一塊巨石，還有一面看似平凡無奇的鏡子。
The cavern is empty, save for a couple of openings on either side.	這個洞穴空無一物，只有兩側各有一個洞口。
There is a large granite boulder in the cave, as well as a mirror...a MAGIC mirror!!	洞穴裡有一塊巨大的花崗岩巨石，還有一面鏡子……一面「魔鏡」！！
In this large underground cavern, there is a ferocious fire-breathing dragon, an opening on one side, and a very large boulder.	在這個寬闊的地底洞穴裡，有一條兇猛的噴火巨龍，一側有個洞口，還有一塊碩大的巨石。
The ferocious fire-breathing dragon is protecting the magic mirror.	這條兇猛的噴火巨龍正守護著魔鏡。
Parts of the cave are made impassable by huge, jagged stalagmites.  The craggy limestone stalactites hang menacingly from the roof of the cavern.  It took millenniums for these stalagmites and stalactites to form.	洞穴的部分區域被巨大嶙峋的石筍擋住，無法通行。嶙峋的石灰岩鐘乳石從洞頂陰森森地垂掛而下。這些石筍與鐘乳石經過了千萬年才形成。
The hole seems to lead further into the cave.	這個洞似乎通往洞穴更深處。
The faint images of reflected light issue from the entrance.	微弱的反射光影從入口透出。
There are two entrances to the cave.	這個洞穴有兩個入口。
In this large cavern, there is a slimy dead dragon.	在這個寬闊的洞穴裡，有一條渾身黏液的死去巨龍。
The dragon has fled, never to return.	巨龍已經逃走，再也不會回來了。
The dragon's rough, red pointed tongue protrudes awkwardly from the dead dragon's maw.	死去巨龍的嘴裡，粗糙的紅色尖舌尷尬地伸出口外。
The dragon's still got it.	巨龍依然留著它。
It would be easier if the dragon wasn't using it.	要是巨龍沒在用它，事情會容易得多。
You take the Magic Mirror!  Congratulations!	你拿到了魔鏡！恭喜你！
Dragon's Tongue is considered a delicacy in some parts of the world, but not in Daventry!	龍舌在世界某些地方被視為珍饈，但在戴凡確王國可不是！
The dragon took it with him.	巨龍把它一起帶走了。
This boulder is far too heavy to move.	這塊巨石太重了，搬不動。
As you slowly and silently return to visibility, the dragon fails to notice you.	你緩緩無聲地現出身形，巨龍卻沒有注意到你。
There is no one here to receive your offering.	這裡沒有人可以接受你的獻禮。
The dead dragon does not need anything you have to offer.	死去的巨龍不需要你所能奉上的任何東西。
The dragon, unaware that you've stolen his great treasure, is not interested in anything you have to offer.	巨龍還不知道你已偷走牠的寶物，對你所能奉上的東西毫無興趣。
The dragon isn't interested in any of your possessions.  It's already got one of the most valuable treasures in Daventry.	巨龍對你身上的任何東西都沒興趣，牠已經擁有戴凡確王國最珍貴的寶物之一。
Parts of the cave are made impassable by huge, jagged stalagmites.	洞穴裡有些地方被巨大嶙峋的石筍擋住，無法通行。
The craggy limestone stalactites hang menacingly from the roof of the cavern.	嶙峋的石灰岩鐘乳石從洞頂懸垂而下，看來十分嚇人。
Smoking is bad for your health.  That's why there are not many dragons around.	抽菸有害健康。這就是為什麼巨龍已經不多見了。
The dragon's head is angular, like a pterodactyl's.  Large webbed gill flaps protrude from either side of his face, just underneath his horns.  Smoke curls lazily from his nostrils.	巨龍的頭部稜角分明，像翼手龍一樣。臉頰兩側、犄角下方各突出一片巨大的蹼狀鰓瓣，鼻孔裡懶洋洋地冒出裊裊青煙。
Green and scaly, the dragon's body is massive and muscular.  A row of serrated armor stretches from the tip of his tail to the base of his neck; his leathery wings are folded tight against his sides, and his webbed claws look sharp and deadly.	巨龍全身覆滿綠色鱗片，體型龐大、肌肉結實。一排鋸齒狀的甲殼從尾尖延伸到頸根；牠那對皮革般的翅膀緊緊收攏在身側，蹼狀的爪子看來銳利致命。
You should get closer to the mirror.	你應該靠近魔鏡一點。
The mirror shimmers with its own magical light.	魔鏡散發著自身的魔法光芒，微微閃爍。
The dragon's long, powerful neck is a slinky mass of sinew and scales. The underside of his throat is pale, fleshy and unprotected by scales.	巨龍那條修長強壯的脖子，是一團柔韌的肌腱與鱗片。牠喉嚨下方的皮膚蒼白柔軟，沒有鱗片保護。
The dragon lies motionless on the rocky floor of the cavern.	巨龍一動也不動地躺在洞穴的岩石地面上。
The ferocious fire-breathing dragon may look asleep, but don't be fooled....he's smarter than he looks.	這隻兇猛的噴火巨龍看起來像是睡著了，但別被騙了……牠比看起來聰明得多。
There is a vicious fire-breathing dragon here!	這裡有一隻兇猛的噴火巨龍！
Ordinarily, music hath charms to soothe a savage beast but this beast is a little too ferocious to appreciate fiddle music.	通常音樂能撫慰凶猛的野獸，但這頭野獸太過兇殘，欣賞不了小提琴的樂聲。
This dragon had only one life, and you have already taken it.	這隻巨龍只有一條命，而你已經取走了。
You don't have anything sharp enough to pierce the dragon's scaly hide!	你身上沒有夠鋒利的東西，能刺穿巨龍的鱗皮！
Wait and see what the dragon is doing first.	先等等，看看巨龍在做什麼。
You don't have everything you need to attempt such a feat.	你身上還缺少嘗試這項壯舉所需的東西。
The dragon's already dead. Shooting him would be a waste of pebbles.	巨龍已經死了，朝牠射擊只是浪費鵝卵石。
The pebbles are too blunt to deliver a fatal blow to the dragon, maybe a different approach would be better.	鵝卵石太鈍了，沒辦法對巨龍造成致命一擊，或許該換個方法。
The dragon is dead.  He can no longer hear you.	巨龍已經死了，聽不見你說話了。
Think again.  When this dragon talks, things have a tendency to catch fire.	再想想吧。這隻巨龍一開口說話，東西可是會著火的。
The mere thought of retrieving the dagger repulses you.	光是想到要去撿回那把短刀，就讓你感到反胃。
How?	怎麼做？
The dragon is dead. He has ceased to be. Bereft of life, he rests in peace. Best to get on with the game and forget this sad creature.	巨龍死了。牠已經不在了。失去了生命，安息長眠。還是繼續玩下去，忘了這隻可悲的生物吧。
Be careful.  Dragons are very dangerous.	小心點，巨龍非常危險。
The Fairy Godmother's protective spell has saved you from a fiery fate.	教母的守護魔法救了你，讓你逃過一場火劫。
The dagger flies through the air and is lost in the cave's darkness.	短刀飛過半空，消失在洞穴的黑暗之中。
With unerring aim, the dagger streaks through the air and pierces the soft, unprotected skin under the dragon's throat.  The dragon convulses for a moment, and then crashes, lifeless, to the hard cavern floor.	短刀精準無比地劃過空中，刺入巨龍喉嚨下方柔軟無鱗的皮膚。巨龍抽搐了片刻，隨即癱軟倒地，重重摔在堅硬的洞穴地面上，沒了氣息。
Good shot!  The water hits the dragon square in the face, dousing the dragon's fire.	好一擊！水正中巨龍的臉，澆熄了牠的火焰。
Unable to defend itself with anything more than harmless clouds of steam, the dragon rolls aside the granite boulder and slinks off in shame, leaving the mirror behind.	巨龍除了噴出無害的蒸汽，再也無力自保，只好推開那塊花崗岩巨石，羞愧地溜走，留下了魔鏡。
Unable to defend itself with anything more than harmless clouds of steam, the dragon rolls aside the granite boulder and slinks off in shame.	巨龍除了噴出無害的蒸汽，再也無力自保，只好推開那塊花崗岩巨石，羞愧地溜走了。
You can't do that while you are invisible.	你隱形的時候沒辦法這麼做。
As your nose fills with the aroma of fresh well water, your lungs give out. Don't smell the water!	井水清新的氣味灌滿你的鼻腔，你的肺卻撐不住了。別去聞水的味道！
It's too late to dive.  At this point, all you can do is drown.	已經來不及潛水了，事到如今你只能溺水。
You are already doing that!	你已經在這麼做了！
You need to be swimming first.	你得先開始游泳。
Too late!  You have already stopped swimming and started drowning.	太遲了！你已經停止游泳，開始溺水了。
Just walk over to the water.	走到水邊就行了。
You're already in the water.	你已經在水裡了。
You've swum too long already!  Your endurance has run out.	你游得太久了！體力已經耗盡。
You can't do that from under water!	你在水底下沒辦法這麼做！
There's no reason to climb anything here.	這裡沒有什麼好爬的。
This isn't the chest you're looking for.	這不是你要找的箱子。
All you have to do is walk right into the water.	你只需要直接走進水裡就行了。
What would you like to get into?	你想要進去什麼裡面？
You take a deep drink of the cold well water.	你大口暢飲冰涼的井水。
The hinges are rusted, but still very strong.	鉸鏈雖然鏽蝕，卻依然十分堅固。
This dark pool of water leads to the bottom of the ancient well near King Edward's castle.	這片幽暗的水潭，通往愛德華國王城堡附近那口古井的井底。
You are too far away to see clearly.	你離得太遠，看不清楚。
Too late!  Your vision grows blurred as you go down for the third time.	太遲了！你第三次沉下水面，視線逐漸模糊。
You can see the surface of the water just above you.	你看見水面就在你的正上方。
You can just see the opening of the well far above you.	你隱約看見井口在你頭頂遙遠的上方。
You see the low ceiling of the cave just above you.	你看見洞穴低矮的頂部，就在你頭頂上方。
You can see the bottom of the well below you.	你看見井底就在你的下方。
You are at the bottom of the well.  Through the plants you spy what seems to be a hole in the side of the well.	你正位於井底。透過水草，你瞥見井壁側面似乎有個洞。
The cave is dark and very damp.	這座洞穴幽暗又十分潮濕。
This looks like typical well water.	這看起來就是普通的井水。
The chest is buried deep in the sand and is too heavy to carry.	箱子深埋在沙裡，重得搬不動。
The lid's hinges are rusted shut.	蓋子的鉸鏈已經鏽死了。
The half-buried chest looks as if it has been here for a very long time.	這只半埋在沙中的箱子，看起來已經在這裡放了很長一段時間。
It looks like this chest has been buried here for a very long time.	這只箱子看起來已經埋在這裡很長一段時間了。
As you get into the water, the magic ring slips from your finger and vanishes.	你進入水中時，魔戒從你的手指上滑落，消失無蹤。
This looks like a typical weed.	這看起來是一株普通的水草。
More curious still, the courtyard is deserted; this area is usually filled with the Ladies and Lords of the castle.	更奇怪的是，庭院裡空無一人；這裡平常總是擠滿城堡裡的貴族仕女與紳士。
This is highly unusual.  You begin to feel deeply disturbed, as if all is not right within the castle.	這實在不尋常。你開始感到一陣不安，彷彿城堡裡出了什麼問題。
You can faintly hear a commotion in the King's Chamber to the west.	你隱約聽見西邊國王寢宮傳來一陣騷動。
DOCTOR:  "There's nothing to be done."	御醫：「已經無能為力了。」
DOCTOR:  "Our King's melancholy is too much for his heart to bear.  Perhaps if Sir Graham had returned with the three lost treasures of Daventry ..."	御醫：「國王陛下的憂鬱，他的心臟已經承受不住了。若是格拉漢爵士能帶回戴凡確王國失落的三件寶物就好了……」
SIR GRAHAM:  "Your Highness, I am at your service."	格拉漢爵士：「陛下，臣聽候差遣。」
KING:  "Did ... did you succeed in your quest?"	國王：「你……你的任務成功了嗎？」
SIR GRAHAM:  "I did, Your Majesty."	格拉漢爵士：「成功了，陛下。」
SIR GRAHAM:  "Here, as you commanded ..."	格拉漢爵士：「這是遵照您的命令……」
SIR GRAHAM:  "...the magic mirror."	格拉漢爵士：「……魔鏡。」
SIR GRAHAM:  "...the magic shield."	格拉漢爵士：「……靈盾。」
SIR GRAHAM:  "...and the magic chest."	格拉漢爵士：「……還有金盒子。」
KING:  "I...I am afraid it is a little too late for me.  But you have done superbly, my Knight.  As I promised, the kingdom is yours."	國王：「我……恐怕，對我來說已經太遲了。但你的表現無比出色，我的騎士。如我所承諾的，這個王國從此屬於你。」
KING:  "I know you will serve her well."	國王：「我知道你會好好守護她。」
DOCTOR:  "The King is dead."	御醫：「國王駕崩了。」
DOCTOR:  "Long live the King!"	御醫：「吾王萬歲！」
CROWD:  "Long live the King!"	群眾：「吾王萬歲！」
And thus ended Sir Graham's great quest for the lost treasures of Daventry.  Despite the loss of their beloved King Edward, the people of Daventry grew happy and prosperous and flourished for years to come.	格拉漢爵士尋找戴凡確王國失落寶物的偉大冒險，就此告一段落。儘管痛失敬愛的愛德華國王，戴凡確的百姓依然日漸富足安樂，往後多年欣欣向榮。
And whenever King Graham looked into his magic mirror, he saw visions of adventures yet to come...for him, for his children, and for Daventry, the land he loved so much.	每當格拉漢國王凝視他的魔鏡，總能看見未來冒險的景象……那是屬於他、屬於他的子女，也屬於他深愛的戴凡確王國的冒險。
The End.	劇終。
"GASP!"	「倒抽一口氣！」
"It's Sir Graham!"	「是格拉漢爵士！」
"He's returned!"	「他回來了！」
"Did he find the treasures?"	「他找到寶物了嗎？」
"Shhhhhh!"	「噓——！」
"Listen!"	「聽！」
The giant is lying dead on the ground; beside him is a sturdy chest.	巨人倒臥在地上死去，身旁擺著一只堅固的金盒子。
The giant is asleep, with a chest lying next to him.	巨人正睡著，身旁擺著一只金盒子。
The enormous giant has been carrying that heavy chest for longer than he can remember.	這個巨大的巨人揹著那只沉重的金盒子，久到他自己都不記得多久了。
The giant is lying dead on the ground, slain by a pebble to the forehead.	巨人倒臥在地上死去，額頭中了一顆鵝卵石而喪命。
The huge giant has fallen asleep and is now snoring loudly.	這個巨大的巨人睡著了，正打著響亮的呼嚕。
The giant is enormous!  He does look rather stupid, though.	這個巨人真是龐大！不過看起來也挺蠢的。
A dead giant does not have a lot to say.	死去的巨人沒什麼好說的。
It is not a good idea to wake a sleeping giant.	叫醒沉睡的巨人可不是個好主意。
The giant is in no mood for talking.	巨人沒心情說話。
No matter how much noise you make, you can't wake the dead!	不管你製造多大的聲響，都叫不醒死人！
This giant is already awake...and he's in a bad mood!	這個巨人已經醒了……而且心情很差！
Tickling a dead giant?  The thin air up here must be affecting your mind.	搔死去的巨人癢？這裡稀薄的空氣，一定影響了你的腦子。
The giant isn't ticklish.  And it's a good thing for you that he isn't!	這個巨人不怕癢，而這對你來說可是件好事！
Getting that close to the giant would be dangerous. Besides, you couldn't reach his weak spot.	靠巨人那麼近太危險了。再說，你也碰不到他的弱點。
You don't anything sharp enough to even try that.	你身上沒有夠鋒利的東西，連試都沒辦法試。
You'll need something to help you kill the giant -- if that's how you want to defeat him!	如果你想用這種方式打倒巨人，就需要一些工具來幫你！
You need some kind of small rock to use the sling.	你需要某種小石頭才能使用投石器。
With the giant going to sleep, it would be unnecessary and cruel to kill him.	巨人已經睡著了，殺他既沒必要又太殘忍。
With what?	用什麼？
If you're trying to knock out the giant, don't bother.  He's already knocked out from chasing you.	如果你想打昏巨人，別費心了，他追你追到已經自己昏過去了。
Now that he's dead, the giant couldn't care less what you want to give him.	巨人已經死了，你想給他什麼，他根本不在乎。
The giant does not need anything.  All he wants from you is to grind your bones to dust.	巨人什麼都不需要，他對你唯一的念頭，就是把你的骨頭磨成粉。
The giant, with his chest, has all the treasure he needs; all he wants from you is to grind your bones to dust.	巨人有了他的金盒子，該有的寶物都有了；他對你唯一的念頭，就是把你的骨頭磨成粉。
You have no reason to do that.	你沒有理由這麼做。
You see nothing of interest on the ground.	地上沒看到什麼有趣的東西。
There is a chest near the sleeping giant.	沉睡的巨人身旁有一只金盒子。
On the ground near the giant is a magic chest that appears to have been fashioned from ebony and rimmed on the edges with gold.	巨人附近的地上，擺著一只金盒子，看起來是用烏木打造，邊緣鑲著金邊。
The giant is carrying a chest.	巨人身上帶著一只金盒子。
There is a chest near the deceased giant.	已故巨人的身旁有一只金盒子。
The magic chest appears to have been fashioned from a solid block of maple and burnished to a brilliant luster.  The edges are rimmed with gold, as are the clasp and hinges.	這只金盒子似乎是用一整塊楓木打造，並且拋光得光亮動人。邊緣鑲著金邊，扣環與鉸鏈也都是金製的。
The giant is protecting the magic chest.	巨人正守護著這只金盒子。
The giant did a smashing job of defeating you.	巨人這一擊，把你打得粉身碎骨，乾淨俐落。
Slowly, carefully, you take the chest without waking the giant.	你小心翼翼、慢慢地拿走金盒子，沒有吵醒巨人。
It's easy to take a magic chest from a dead giant.	從死去的巨人身上拿走金盒子很容易。
The giant squashed the life out of you.  Next time, use your sling from a distance.	巨人把你活活壓死了。下次記得從遠處使用你的投石器。
Uh-oh.  You happen to be standing in the giant's favorite spot for a snooze.	糟了。你剛好站在巨人最愛打盹的地方。
The giant is getting tired of looking for you.  Seems like he may be getting ready to take a nap.	巨人找你找得累了，看樣子他可能準備要打個盹。
Good job!  The huge giant, tuckered out from stomping around, has fallen fast asleep.	做得好！這個巨人到處跺步跺得筋疲力盡，已經沉沉睡去。
The giant cannot see you since you are invisible.	你隱形了，巨人看不見你。
Fortunately, you have the magic shield with you.  It's preventing the giant from pulverizing you!	幸好你身上帶著靈盾，它擋住了巨人，沒讓你被壓成肉泥！
The fairy godmother's spell is protecting you.	教母的魔法正保護著你。
Talk about overkill--he's dead already!	這也太多此一舉了——他已經死了！
Not when you're invisible!	你隱形的時候可不行！
Now that he's asleep, he's completely harmless.  There's no reason to hurt him.	他現在睡著了，完全沒有威脅，沒理由傷害他。
Not now.	現在不行。
You see the entrance to a cave within the mountaintop.	你看見山頂上有個洞穴入口。
It sure is dark in there!	裡面可真暗！
From outside, you can see the entrance to a cave carved into the side of the mountain.	從外面望去，你看見山壁上鑿出的一個洞穴入口。
This is the craggy peak of Daventry's mountain.  Amidst the rocks and boulders piled here, there's a dark opening leading into the mountain itself.	這裡是戴凡確王國山脈嶙峋的山頂。在這堆滿岩石與巨礫之間，有個通往山內部的黑暗開口。
There are some truly stupendous trees up here!	這上面有些真正巨大驚人的樹木！
You're on top of the clouds!	你站在雲端之上！
There is a hole at the bottom of one of the trees.	其中一棵樹的根部有個洞。
You can't see inside the hole from here.	從這裡看不到洞裡面。
You see a slingshot in the hole.	你看見洞裡有一把投石器。
The hole is empty.	洞裡是空的。
What slingshot?	什麼投石器？
This slingshot is made of very stretchy leather.	這把投石器是用非常有彈性的皮革做的。
You reach into the hole and pull out the leather slingshot.	你把手伸進洞裡，拉出那把皮革投石器。
You can't climb down the tree when you're invisible.	你隱形時沒辦法爬下這棵樹。
You should be able to walk on the tree trunk from here, if you're very careful!	只要非常小心，你應該能從這裡走上樹幹！
Far out on a huge branch, there is a nest.	在一根粗大的樹枝遠處，有個鳥巢。
Don't look down from here!  You might get dizzy and loose your footing.	別往下看！你可能會頭暈而失足。
There is a perfect, shimmering golden egg lying in the nest.	鳥巢裡躺著一顆完美無瑕、閃閃發光的金蛋。
You're too far away from the nest to see it clearly.	你離鳥巢太遠，看不清楚。
You're looking at an empty nest.	你看著一個空鳥巢。
You're not close enough to the nest.	你離鳥巢不夠近。
There's nothing at all in the nest.	鳥巢裡什麼都沒有。
Among the branches sits a small nest with a beautiful golden egg.	樹枝間有個小鳥巢，裡頭放著一顆美麗的金蛋。
One of the birds may need it, but you won't.  Leave it alone.	也許某隻鳥需要它，但你不需要。別動它。
You've already taken the only egg in the nest.	你已經拿走了鳥巢裡唯一的蛋。
You carefully lift the golden egg out of the nest.	你小心翼翼地把金蛋從鳥巢裡取出。
As you fall, the magic ring slips from your finger.	你墜落時，魔戒從你的手指上滑落。
As soon as you entered the gingerbread house, the goat ran off.  Something sure spooked him from this place!	你一走進薑餅屋，山羊就跑走了。這地方顯然把他嚇壞了！
Your ring mysteriously stops working in here.	你的戒指在這裡莫名其妙失去了效力。
Off in the distance you hear a high, squeaky voice say, "I can smell someone tasty in my house."	遠處傳來一個尖細的聲音說：「我聞到我家裡有個美味的傢伙。」
At the moment, it's important NOT to let the witch know you're here.	眼下最重要的是別讓巫婆知道你在這裡。
Though the outside of this house was tempting, there's nothing inside that seems remotely edible.	這間房子外觀雖然誘人，裡頭卻沒有任何看起來能吃的東西。
You've killed the witch!	你殺死了巫婆！
There is no witch here... AT THE MOMENT!!	這裡目前沒有巫婆……暫時沒有！！
Too late...she sees you, and you're in trouble.	太遲了……她看見你了，你麻煩大了。
You can't kill the witch now.	你現在沒辦法殺死巫婆。
There is nothing here that's worth putting in the bucket...certainly not that awful green goop.	這裡沒有什麼值得放進水桶的東西……那攤噁心的綠色黏液肯定不算。
You don't have the bucket.	你身上沒有水桶。
In contrast to its delightful exterior, the inside of the gingerbread house looks dark and ominous.	和討人喜歡的外觀相反，薑餅屋內部看起來陰暗又不祥。
It looks like an ordinary bedroom.	這看起來像是一間普通的臥室。
You can't see much from where you are.	你從這個位置看不到什麼。
All you see are a few gingerbread crumbs lying on the floor of the cage.  You wonder about this.	你只看見鐵籠地板上散落著幾片薑餅屑，讓你不禁納悶。
Yech!!!!	噁！！！！
The sickening stench from the pot is everywhere.	鍋子散發出的惡臭瀰漫四周。
Since there's no door here, you don't have anything to open.	這裡沒有門，你沒有東西可以打開。
The bars are far too strong for you to bend.	這些鐵欄杆太堅固了，你沒辦法弄彎。
It is already open.	已經是開著的了。
It is already closed.	已經是關著的了。
There isn't any here.	這裡沒有。
The pot is hot enough to burn your hand.  The fire must have been burning for a long time.	鍋子燙得足以燙傷你的手，這火想必已經燒了很久。
You briefly consider diving into the foul brew, but your desire to remain alive prevails over your rather strange inclination.	你一度考慮跳進這鍋噁心的濃湯裡，但求生的欲望戰勝了這個奇怪的念頭。
You wouldn't want to sleep on a witch's bed.	你不會想睡在巫婆的床上。
You may have seen a bed in the other room, but I am not sure.	你或許在另一個房間看過一張床，但我不太確定。
The ring does not seem to work in the witch's house.	戒指在巫婆的屋子裡似乎不管用。
Now is not a good time to try and start a conversation!	現在不是找人聊天的好時機！
The witch is in the other room.	巫婆在另一個房間。
This ugly old witch is one of the most hideous sights you have ever seen.  Her eyes are dark and evil, and her crooked smile twitches hungrily.  She's not to be trusted.	這個醜陋的老巫婆，是你見過最駭人的景象之一。她的雙眼陰暗邪惡，歪斜的笑容飢渴地抽動著。她絕對信不過。
The fire is very, very hot.  It's best to leave it alone.	這把火非常非常燙，最好別去碰它。
As the green liquid is terribly goopy, the fire must have been burning underneath it for quite some time.	這攤綠色液體黏稠得可怕，下面的火想必已經燒了好一段時間。
That smoke smells... and even LOOKS evil!	那股煙聞起來……看起來都邪惡極了！
The cabinet on the wall is rather plain and simple.	牆上的櫥櫃相當樸素簡單。
There is nothing but a bare shelf here.	這裡只有一個空蕩蕩的架子。
Sitting on the shelf is a delicious piece of Swiss cheese.	架子上放著一塊美味的瑞士乳酪。
It's just a stool.	這只是一張凳子。
You don't see a note here.	你在這裡沒看到紙條。
Your eyes are not sharp enough to see it from here.	你的視力不夠好，沒辦法從這裡看清楚。
It is written in a familiar language.	上面寫的是你熟悉的語言。
You see a note on the table by the bed.	你看見床邊的桌上有張紙條。
Be thankful that you are invisible or the witch may have stuck around to try and catch you!	慶幸自己是隱形的吧，不然巫婆可能會留下來抓你！
Be thankful that you have a protective spell or the witch may have stuck around to try and catch you!	慶幸自己有守護魔法吧，不然巫婆可能會留下來抓你！
You take the cheese from the cabinet.	你從櫥櫃裡拿出乳酪。
You grab the note from the table.	你從桌上拿起紙條。
Rats! She has cast some spell to keep you from escaping! The witch remarks, "Oh, how nice of you to come for dinner (cackle, cackle)!"	糟了！她施了某種魔法讓你逃不掉！巫婆說道：「喔，你能來吃晚餐真是太好了（咯咯笑）！」
She looks you over carefully, then states, "You're a little too scrawny for my appetite, but I think you're going to make a lovely dessert!"	她仔細打量你一番，然後說：「你瘦了點，不合我的胃口，不過我想你會是道美味的甜點！」
You need to get closer.  But be careful!	你得靠近一點，但要小心！
It would be easier if you were standing.	你站著的話會容易一些。
There has to be a better way to get rid of this evil old hag!	一定有更好的辦法能除掉這個邪惡的老太婆！
Perhaps you could shoot her if you had a gun and a silver bullet, but you'll find neither of those items in this game. Try to find another way.	如果你有槍和銀色子彈，或許能一槍解決她，但這款遊戲裡沒有這兩樣東西，想想別的辦法吧。
The witch mutters, "I am going to get my cauldron ready to cook someone for dinner (yum)."	巫婆喃喃道：「我要去把大鍋準備好，煮個人來當晚餐（嗯，真香）。」
The witch mumbles, "After I get the cauldron nice and hot, I will be ready to have someone for dinner (giggle)."	巫婆嘀咕著：「等我把大鍋燒得夠熱，就能請人來吃晚餐了（咯咯）。」
The witch mutters, "The cauldron is heating up nicely.  I wonder who will be my dinner guest!"	巫婆喃喃道：「大鍋燒得正好，不知道誰會是我的晚餐貴客呢！」
The witch says, "My cauldron is now the perfect temperature.  It is time to invite someone for dinner (cackle, cackle)!"	巫婆說：「我的大鍋現在溫度剛剛好，是時候邀請誰來吃晚餐了（咯咯笑）！」
The witch sees you!	巫婆看見你了！
D..d..did you see that? Nah! You're imagining things.	你……你剛剛看到了嗎？不會吧！是你自己在胡思亂想。
You can't do that while you're invisible.	你隱形的時候沒辦法這麼做。
You need to be a little closer for a good look.	你得靠近一點才能看清楚。
That's in the other room.	那個在另一個房間。
With a mighty shove, you courageously push the wicked witch into the pot.  Her wild screams are suddenly cut off as she melts away into the oily green slime in the pot.  Congratulations!	你用力一推，勇敢地把邪惡的巫婆推進鍋裡。她狂亂的尖叫聲戛然而止，融化成鍋裡油膩的綠色黏液。恭喜你！
The oily green slime spilled over when you pushed the witch into the pot.	你把巫婆推進鍋裡時，油膩的綠色黏液溢了出來。
The cage is made from strong, thick iron bars.  They look a little rusty, but they're solid through and through.	這個鐵籠是用堅固厚實的鐵欄杆做成的。看起來有點生鏽，但從頭到尾都十分堅固。
The witch's bed looks hard and uncomfortable.	巫婆的床看起來又硬又不舒服。
It is just a plain, wooden bedside table.	這只是一張樸素的木製床頭桌。
It looks like there is a note lying on top of it.	上面看起來放著一張紙條。
That is the table where the witch eats her food, whatever... or WHOever...that is!	那是巫婆用餐的桌子，不管吃的是什麼東西……或者是什麼人！
There aren't any spider webs in here, as far as you can see.	就你所見，這裡沒有任何蜘蛛網。
There is a spider web above the door.	門的上方有張蜘蛛網。
You can't open that.	你沒辦法打開那個。
There is a large cave here.  It continues deeper into the mountain.	這裡有個寬敞的洞穴，向著山的更深處延伸。
You have come from deep inside the mountain.  There is a door here.	你從山的深處來到這裡，這裡有扇門。
You'd cut your hands to ribbons trying to climb these rocky walls.	想爬上這些岩壁，你的手會被割得傷痕累累。
This is a heavy oaken door set into the side of the cave.	這是一扇嵌在洞壁上的厚重橡木門。
Try moving closer to the door.	試著再靠近門一點。
The walkway is made from large wooden planks, attached firmly to the cave's walls and floor.	這條步道是用粗大的木板搭成，牢牢固定在洞穴的牆壁與地面上。
The suspended walkway seems to wind forever down into the very bowels of the mountain.	這條懸空步道彷彿無止盡地蜿蜒而下，通往山的最深處。
There is no dwarf here.	這裡沒有矮人。
Suddenly, a small dwarf runs out of the shadows and approaches you.	突然，一個矮小的矮人從陰影中衝出來，朝你走近。
It's a good thing you are protected by a spell.  That little dwarf likes to steal treasures.	幸好你受到魔法保護，那個矮人最愛偷寶物了。
Being invisible has protected you, and your treasures, from the dwarf.	隱形保護了你和你的寶物，沒讓矮人得逞。
The sneaky little dwarf came by to see what you had...but nothing caught his fancy.	這個鬼鬼祟祟的矮人跑來看看你有什麼……但沒有一樣入得了他的眼。
The sneaky little dwarf caught you by surprise.  Did he steal anything from you?	這個鬼鬼祟祟的矮人趁你不備突然出現，他有沒有偷走你什麼東西呢？
The walkway is made from large wooden planks, attached firmly to the cave's walls and floor, and suspended from the ceiling.	這條步道是用粗大的木板搭成，牢牢固定在洞穴的牆壁與地面上，並從天花板懸吊而下。
You see the goat below you, wandering off to explore Daventry on his own.	你看見山羊在你下方，獨自四處遊蕩探索戴凡確王國。
The view of Daventry from up here is stunning.  There are gently rolling hills and valleys as far as the eye can see.  Off in the distance, clouds float far above the land.	從這裡俯瞰戴凡確王國的景色美不勝收。放眼望去盡是起伏平緩的丘陵與山谷，遠方雲朵飄浮在大地之上。
The goat wasn't about to risk his life climbing that huge beanstalk!  You see him wandering away.	山羊可不打算冒著生命危險爬上那根巨大的豆莖！你看見他徑自走開了。
There is no goat anywhere in sight.	放眼望去哪裡都沒有山羊。
Nervously, you look down. You can see the beautiful Daventry countryside spread out beneath you. However, looking down makes you a little dizzy, so you turn your attention back to the task at hand.	你緊張地往下看，看見美麗的戴凡確王國鄉間在腳下展開。不過往下看讓你有點頭暈，於是你把注意力轉回眼前的事情上。
The beanstalk disappears up into the clouds.	豆莖向上延伸，消失在雲層之中。
You are too high to see anything below you in detail.	你的位置太高了，看不清楚下方的細節。
It is a mighty beanstalk which descends to the ground far below.	這是一株雄偉的豆莖，一路延伸到遙遠下方的地面。
You are much too high to see anything below you in any detail.	你的位置太高了，看不清楚下方的任何細節。
You're too busy	你正忙著呢
All you can hear is the quiet drip of water from the roof of the cave.	你只聽得見洞頂滴落的水滴聲，靜悄悄的。
This cave smells musty and damp.	這個洞穴聞起來又霉又潮濕。
You catch a few falling drops of water in your hand, barely enough to moisten your lips.	你用手接住幾滴落下的水，勉強夠潤濕嘴唇。
You don't have that! But there is enough light in this cave for you to see clearly.	你身上沒有那個！不過這個洞穴裡的光線足夠讓你看清楚。
The walls of this cave are damp and moldy.	這個洞穴的牆壁又濕又發霉。
The walls of this shadowy cave are too damp and steep for you to climb.	這個陰暗洞穴的牆壁又濕又陡，你爬不上去。
Apparently you're getting a little lightheaded.	看來你有點頭暈了。
You're not that hungry.	你沒那麼餓。
You're not going to need that, Sir Graham.	格拉漢爵士，你用不到那個。
When you look closely, you can see that the mold on the cave walls is glowing faintly.	你仔細一看，發現洞壁上的霉斑微微發著光。
These are of no use to you, Sir Graham.	格拉漢爵士，這些對你沒有用。
These rock formations were slowly created over thousands of years.	這些岩石地形是經過數千年慢慢形成的。
Brackish water drips slowly from the stalactites on the ceiling.	帶著鹹味的水緩緩從天花板的鐘乳石滴落。
You can see the vague, shadowy outline of a tunnel leading to the south.	你可以看見一條模糊陰暗的隧道輪廓，通往南方。
You can see the hole that you fell through in the roof of the cave, far above you.	你可以看見自己摔落的那個洞口，就在頭頂遙遠的洞頂上。
The rocky floor of the cave is covered with rotting leaves and mold.	洞穴的石質地面覆滿了腐爛的落葉與霉斑。
You are standing in a shadowy cavern. This cave is murky and damp, and smells of mold and rotted leaves.	你站在一個陰暗的洞穴裡。這個洞穴昏暗潮濕，散發著霉味與腐葉的氣味。
There is a single torch on the wall, illuminating this shadowy cave.	牆上有一支火把，照亮了這個陰暗的洞穴。
The farther you get from the light, the mustier it becomes.	你離光源越遠，霉味就越重。
The torch is too hot to touch.	火把太燙了，摸不得。
The rat grins crookedly, his long, pointed fangs glistening in the torchlight. His sense of smell alerts him of your presence.	大老鼠咧嘴歪笑，長而尖的獠牙在火光下閃著光。牠靈敏的嗅覺察覺到你的存在。
The rat grins crookedly, his long, pointed fangs glistening in the torchlight.	大老鼠咧嘴歪笑，長而尖的獠牙在火光下閃著光。
RAT: "That's right, mister, just walk a little closer...."	大老鼠：「沒錯，老兄，再靠近一點……」
Whatever makes you think there's a rat in here?	你怎麼會覺得這裡有隻老鼠？
What would you like to give the rat?	你想給大老鼠什麼？
Mouse?	老鼠？
RAT: "Hey, pal, this is no mouse you're talking to here!"	大老鼠：「嘿，老兄，你面前這位可不是什麼老鼠！」
You see a giant rat with matted fur and dripping teeth.	你看見一隻巨大老鼠，毛髮糾結，牙齒滴著口水。
Unfortunately, his teeth are larger than yours.	可惜牠的牙齒比你的大多了。
RAT: "Hey, friend.  You wanna go through this door, make me an offer, and I promise I'll letcha breeze right through."	大老鼠：「嘿，朋友。你想通過這扇門的話，給我點好處，我保證讓你輕鬆過關。」
RAT: "You're not fooling me with that ol' ring of invisibility trick!  I've seen that one a million times...er, I mean, I HAVEN'T seen that one a million times!  I can smell you there!	大老鼠：「你那套隱形戒指的把戲騙不了我！這招我看過上百萬次了……呃，我是說，我才沒看過上百萬次咧！我聞得到你在那裡！
RAT: "Hello there, my friend.  You looking for anything in particular?"	大老鼠：「你好啊，朋友。你在找什麼特別的東西嗎？」
RAT: "You wanna pass through my little door here, right?  Well, maybe we can work somethin' out.  What's it worth to you?"	大老鼠：「你想通過我這扇小門，對吧？嗯，或許我們可以談談。你願意出多少代價？」
Keeping in mind the rat's remarkable agility and even more remarkable fangs, you decide not to risk an attack.	想到大老鼠驚人的敏捷身手，還有更驚人的獠牙，你決定不冒險攻擊。
RAT: "I know you're gonna want what's behind this door. But what's in it for me?"	大老鼠：「我知道你想要這扇門後面的東西。但我能得到什麼好處？」
Since you and all you carry are invisible, the rat can't possibly see what you're trying to show him.	既然你和你身上帶的東西都隱形了，大老鼠根本不可能看見你想給牠看的東西。
The giant rat's lips quiver in anticipation at the odor of the cheese. Watch it, though, you don't want to tease this rat.	巨鼠聞到乳酪的氣味，嘴唇興奮地顫抖著。不過小心點，你可不會想招惹這隻老鼠。
The rat is a dangerous character, teasing him with that might get you into trouble.	這隻老鼠是個危險角色，拿那個逗牠可能會給你惹上麻煩。
You throw your last pebble at the rat, but in this dim light, you can't see well enough to hit your target.	你朝大老鼠丟出最後一顆鵝卵石，但光線昏暗，你看不清楚，無法擊中目標。
You throw a pebble at the rat, but in this dim light, you can't see well enough to hit your target.	你朝大老鼠丟出一顆鵝卵石，但光線昏暗，你看不清楚，無法擊中目標。
What's left to throw the pebble at?	還有什麼東西可以丟鵝卵石？
You don't have anything like that in your inventory.	你的物品欄裡沒有那樣東西。
You don't have a bucket of water.	你身上沒有一桶水。
You aren't close enough yet.	你還不夠靠近。
The rat grins, showing long, pointed teeth. "That's right, mister, just walk a little closer...."	大老鼠咧嘴一笑，露出長而尖的牙齒。「沒錯，老兄，再靠近一點……」
In the dim light, your aim would suffer.  Better to find a less violent way to get past this dirty rat.	在這昏暗的光線下，你的準頭會大打折扣。最好找個不那麼暴力的方法通過這隻髒老鼠。
There's no reason to do that, Sir Graham.	格拉漢爵士，沒有理由這麼做。
RAT: "Come a little closer.  I can't reach it!"	大老鼠：「再靠近一點。我搆不到！」
You have nothing the rat wants.	你身上沒有大老鼠想要的東西。
Whaddaya tryin' to do, cheat me with that measly offering?  What an insult.	你這是想幹嘛，用這種寒酸的東西來騙我？真是侮辱人。
I'm not sure who or what you want to bite.	我不確定你想咬的是誰、或是什麼東西。
Who do you want to talk to?	你想跟誰說話？
Who do you want to throw at?	你想朝誰丟東西？
Who?	誰？
When you attempt to count your fingers, you're horrified to see that your whole hand is missing!  Then you sheepishly remember your invisibility.	你試著數自己的手指，卻驚恐地發現整隻手都不見了！接著你才不好意思地想起，自己正處於隱形狀態。
Amazingly enough, you still have all your fingers!	說也神奇，你的手指一根不少！
You nervously count your fingers and find, to your relief, that your hand is unharmed.	你緊張地數著手指，鬆了一口氣，發現自己的手完好無損。
All you can hear is the quiet drip of water from the roof of the cave and the giant rat slavering and licking his lips.	你只聽得見洞頂滴水的靜謐聲響，還有巨鼠流著口水舔嘴唇的聲音。
This cave smells of mold and giant rat.	這個洞穴聞起來又是霉味又是巨鼠的氣味。
Are you sure you want to do that right now?  This water looks and smells awful!	你確定現在要這麼做嗎？這水看起來、聞起來都糟糕透了！
The walls of this shadowy cave are too steep for you to climb.	這個陰暗洞穴的牆壁太陡了，你爬不上去。
You're kidding, right?	你在開玩笑吧？
Do you really think you're going to need that on your quest, Sir Graham?	格拉漢爵士，你真的覺得這趟冒險會用到那個嗎？
The floor of this cave is damp with mold.	這個洞穴的地面又濕又長滿了霉斑。
You are standing in a cavern, with a wooden door directly across from you. A giant mouse is standing in front of the door.	你站在一個洞穴裡，正前方是一扇木門。一隻巨大的老鼠站在門前。
RAT: "Hey, I ain't no mouse, capishe?"	大老鼠：「嘿，我才不是什麼老鼠，懂沒？」
You are standing in a cavern, with a wooden door directly across from you.	你站在一個洞穴裡，正前方是一扇木門。
To whom do you wish to give it?	你想把它給誰？
It looks like a sturdy old door.	這看起來是一扇堅固的老舊木門。
Just walk over to it.	只要走過去就行了。
You'll need to be much closer to do that, Sir Graham.	格拉漢爵士，你得靠得更近才能這麼做。
This is a big, hungry-looking rat with slavering jaws and long, sharp claws.	這是一隻體型巨大、看起來飢餓的老鼠，下顎流著口水，還有又長又尖的爪子。
The rat's gigantic fangs look incredibly sharp, as if they could rip through unprotected flesh like a hot knife through butter.  His mouth waters and his lips quiver in anticipation of the meal he may make of you.	大老鼠碩大的獠牙看起來鋒利無比，彷彿能像熱刀切奶油一樣，輕易撕裂沒有防護的血肉。牠垂涎三尺，嘴唇興奮地顫抖著，期待著把你當成一頓大餐。
The rat's sharp, pointed claws look as deadly as his teeth!	大老鼠尖銳的爪子，看起來和牠的牙齒一樣致命！
The rat is now dripping wet.  Although he doesn't seem to mind the dampness, you haven't gotten any closer to your goal.	大老鼠現在渾身濕透。雖然牠似乎不介意這股潮濕，但你距離目標並沒有更接近。
RAT: "Cheese?  Well, yeah, now that you mention it, I guess I am kinda hungry...."	大老鼠：「乳酪？嗯，這麼一說，我好像是有點餓了……」
RAT: "Some sort of treasure?  Now you're talkin', mister.  Lemme see some of that treasure."	大老鼠：「什麼寶物？這才像話嘛，老兄。讓我瞧瞧那些寶物。」
Using his sense of smell as a guide, the rat quickly snatches it from your hand.  You might want to count your fingers.	大老鼠靠著嗅覺，迅速從你手中把東西搶走。你也許該數數自己的手指還在不在。
The rat uses his strong sense of smell as a guide and takes the treasure from your hand.	大老鼠靠著靈敏的嗅覺，從你手中拿走了那件寶物。
The rat drools at the sight of the cheese, and snatches it from your hand.  You might want to count your fingers.	大老鼠一看到乳酪就流口水，一把從你手中搶走。你也許該數數自己的手指還在不在。
The rat takes the treasure from your hand.	大老鼠從你手中拿走了那件寶物。
Using his sense of smell to guide him, the rat attacks you. In the scuffle, your ring falls off, making you visible again.	大老鼠靠著嗅覺攻擊你。一陣拉扯之間，你的戒指脫落，你再次現形。
The leprechauns' magical powers detect your unseen presence.	地穴人的魔法察覺到你隱形的存在。
This is one tight squeeze the mushroom will not get you out of.	這回的窘境，蘑菇可救不了你。
There are no leprechauns here.	這裡沒有地穴人。
They are tiny people dressed all in green.	他們是一群身形嬌小、渾身穿著綠衣的人。
This door separates the rat's warren from the domain of the Leprechaun King.	這扇門將大老鼠的巢穴與地穴人國王的領地隔開。
You are in the antechamber of the Hall of the Leprechaun King.	你站在地穴人國王大殿的前廳。
There are leprechauns in the room with you.	房間裡還有其他地穴人陪著你。
Leave the door open.  Perhaps a draft will clear out some of the musty old rat smell.	讓門開著吧。也許有風吹進來，能把那股老鼠的霉味散一散。
Unfortunately, you don't speak the language of the little folk.	可惜你不會說這些嬌小族人的語言。
Don't even try it.  They're more agile than you are, and they outnumber you.	想都別想。他們比你敏捷得多，而且人數也比你多。
The Leprechaun King absolutely, positively forbids violence or weapons of any sort in his throne room.  With thoughts of the sling in your mind, you seem unable to turn those thoughts into movement.	地穴人國王絕對、明確禁止在他的王座廳內使用暴力或任何武器。儘管你心裡想著投石器，卻怎麼也無法把念頭化為行動。
The Leprechaun King's magic does not permit you to use weapons in the Throne Room.  Thus, while the sling is still in your pocket, you seem entirely unable to put it in your hand.	地穴人國王的魔法不允許你在王座廳內使用武器。因此，儘管投石器還放在你的口袋裡，你卻完全無法把它拿在手上。
Oh, no!  Now what are you going to do?	糟了！現在你該怎麼辦？
This looks like a bad situation.  Perhaps you should do something!	情況看起來不妙。也許你該做點什麼！
With a genuine four-leaf clover in your possession, the leprechauns fear and respect you.  Rather than risk offending you, they decide to leave you entirely alone.	你身上帶著一株真正的幸運草，地穴人們對你既畏懼又敬重。他們寧可完全不理你，也不願冒險冒犯你。
The guards catch you.  You spend the rest of your days peeling potatoes for the King of the Leprechauns.	衛兵抓住了你。你餘生都在替地穴人國王削馬鈴薯度過。
You can't play the fiddle while you're invisible.	你隱形的時候沒辦法演奏小提琴。
Wonderful job!  Leprechauns find fiddle music irresistible.  The moment they hear the music, they begin dancing a frenzied jig.	做得好極了！地穴人對小提琴的樂聲毫無抵抗力。他們一聽見音樂，立刻跳起狂熱的吉格舞。
Finally, swept away by the snappy music, the Leprechaun guards poof right out of the room.	最後，衛兵們被輕快的音樂沖昏了頭，一陣煙就從房間裡消失不見。
Carved into the top of this stone pillar is a huge four-leaf clover. Apparently the leprechauns who inhabit this underground sanctuary greatly fear and respect the power of the four-leaf clover!	這根石柱頂端雕刻著一株巨大的幸運草。看來居住在這處地底聖殿的地穴人，對幸運草的力量既畏懼又敬重！
Please don't move the carpet.  It hides the Dandelion Wine stains on the floor.	請不要移動這張地毯。它遮住了地上蒲公英酒的污漬。
What!?  And sit on the jewelled sceptre?!?	什麼！？坐在那根鑲滿珠寶的王杖上？！
You don't have time for that, Sir Graham.	格拉漢爵士，你沒時間做那件事。
Eating the mushroom can get you out of a tight spot, but not at the moment.	吃下蘑菇能讓你脫離險境，但現在還不是時候。
This luxurious carpet is the product of the Leprechaun's magical weaving talents.	這張華麗的地毯，是地穴人神奇織藝的產物。
The King of the Leprechauns is sitting on his stone throne, sceptre in hand.	地穴人國王坐在他的石座上，手裡握著王杖。
This is a rather simple stone throne, upon it sits the leprechaun kings jewelled sceptre.	這是一座相當樸素的石座，上面放著地穴人國王那根鑲滿珠寶的王杖。
This is a rather simple stone throne, compared to King Edward's.	比起愛德華國王的王座，這座石座顯得相當樸素。
There is no sceptre here.	這裡沒有王杖。
The sceptre is fashioned from gold and silver, and accented with emeralds.	這根王杖以金銀打造，並鑲嵌著翡翠點綴。
You can see a sceptre from where you are standing	從你站的位置可以看見一根王杖。
The shield is made of titanium and is rimmed with jewels.	靈盾以鈦金屬打造，邊緣鑲著珠寶。
You can see a shield from where you are standing.	從你站的位置可以看見靈盾。
This is the throne room of the Leprechaun King.	這裡是地穴人國王的王座廳。
The king has a sceptre.	國王手裡有一根王杖。
The king has a sceptre and there is a shield near the throne.	國王手裡有一根王杖，王座附近還有一面靈盾。
There is a sceptre on the throne.	王座上放著一根王杖。
There is a sceptre and shield near the throne.	王座附近有一根王杖和一面靈盾。
There is a shield near the throne.	王座附近有一面靈盾。
The leprechaun King is not here.	地穴人國王不在這裡。
By playing your fiddle,  the leprechaun King dances merrily away.	你演奏起小提琴，地穴人國王便歡快地跳著舞離開了。
The King of the Leprechauns is sitting on his throne.	地穴人國王坐在他的王座上。
Unfortunately, you do not speak the language of the little folk.	可惜你不會說這些嬌小族人的語言。
There are no Leprechauns here to talk to.	這裡沒有地穴人可以交談。
The Leprechaun King is not here.	地穴人國王不在這裡。
The Leprechaun King, not understanding your words, ignores you.	地穴人國王聽不懂你的話，沒理你。
You take the magic shield.  Congratulations!	你拿到了靈盾。恭喜！
The Leprechaun King took his sceptre with him.	地穴人國王把他的王杖也一起帶走了。
You take the Leprechaun King's jewelled sceptre.	你拿到了地穴人國王鑲滿珠寶的王杖。
The Leprechaun King is just too cute to hurt.	地穴人國王實在太可愛了，你下不了手傷害他。
Overhearing the fiddle music you played in the hallway, the Leprechauns have begun to dance!  As they do, they pop away in a fit of merrymaking.	聽見你在走廊上演奏的小提琴聲，地穴人們跳起舞來！跳著跳著，他們在一陣狂歡中一個個消失無蹤。
The Leprechauns, sensing the power of your four-leaf clover, begin to vanish.	地穴人們感受到你手中幸運草的力量，開始漸漸消失。
The King of the Leprechauns is dancing away!  Even the King enjoys a good party.	地穴人國王也跳著舞離開了！看來就連國王也喜歡熱鬧的派對。
The small hole leads to the outside world.	這個小洞通往外面的世界。
This is a small cave with a path on one side and a very small hole on the other side.	這是一個小洞穴，一側有小徑，另一側有個非常小的洞。
The path is very steep and narrow.	這條小徑又陡又窄。
Go ahead.  Walk right in.	儘管走吧，直接走進去就行了。
You are much too big to fit through that small hole.	你的身形太大了，鑽不過那個小洞。
If there was something of value in there, the woodcutter and his wife would not be starving to death.	要是裡頭有什麼值錢的東西，樵夫夫妻倆就不會快餓死了。
The woodcutter is mildly impressed with your appearance, but he is too concerned with the plight of his poor wife to make idle chatter.	樵夫對你的到來略感訝異，但他滿心掛念著可憐妻子的處境，沒心思閒聊。
The woodcutter is surprised by your sudden appearance, but quickly he recognizes you.	樵夫被你的突然出現嚇了一跳，但很快就認出你來。
You have already helped the woodcutter and his wife as much as you are able.	你已經盡你所能幫助過這對樵夫夫妻了。
That would be a very nice gesture.  But how do you intend to do that?	這確實是個很好的心意，但你打算怎麼做呢？
The woodcutter is feeding his wife the hearty stew.  Thanks to your generosity, the woodcutter's wife will make a full recovery.  They are both very happy...and very grateful to you.	樵夫正餵妻子喝那碗豐盛的燉肉。多虧你的慷慨，樵夫的妻子將會完全康復。他們倆都非常高興……也非常感激你。
The woodcutter has fed his wife the hearty stew.  Thanks to your generosity, the woodcutter's wife will make a full recovery.  They are both very happy...and very grateful to you.	樵夫已經餵妻子喝下那碗豐盛的燉肉。多虧你的慷慨，樵夫的妻子將會完全康復。他們倆都非常高興……也非常感激你。
A woman is laying in bed, pale and still.  Her husband is seated on the bed, holding her hand.	一名女子躺在床上，臉色蒼白、一動也不動。她的丈夫坐在床邊，握著她的手。
This house looks as shabby and tumbledown inside as it does outside, but it's surprisingly neat and tidy.  The sagging bed fills most of the room, and a fire burns cheerfully in the old stone fireplace. A large wooden table and a smaller nightstand are nearby; above the nightstand is a small cabinet.	這間屋子裡外一樣破舊搖晃，卻出乎意料地整潔乾淨。一張下陷的床幾乎佔滿了整個房間，古老的石造壁爐裡爐火歡快地燃燒著。附近還有一張大木桌與一個較小的床頭櫃，床頭櫃上方有個小櫥櫃。
An earthenware pitcher sits on the nightstand.	床頭櫃上放著一個陶製水壺。
The old nightstand is nothing more than a small table at the foot of the bed.	這個老舊的床頭櫃，不過是床尾的一張小桌子罷了。
There are no drawers in this nightstand.	這個床頭櫃沒有抽屜。
The nightstand won't be of any help to you on your quest.	這個床頭櫃對你的冒險沒有任何幫助。
The woodcutter and his wife have gone to great pains to make their shabby home as neat and clean as possible.	樵夫夫妻倆費盡心思，把這個簡陋的家打理得盡量整潔乾淨。
What are you going to do, dive onto the bed?  Not with the woodcutter's wife in bed, you're not!	你打算怎麼做，撲到床上去嗎？樵夫的妻子還躺在床上呢，你不能這麼做！
The bed is already occupied. Neither the woodcutter nor his wife would look kindly upon your intrusion on their personal space.	床上已經有人了。不論是樵夫還是他的妻子，都不會樂見你闖入他們的私人空間。
You should not steal from these poor people, Sir Graham!	格拉漢爵士，你不該偷這些窮苦人家的東西！
The woodcutter offered you his fiddle, which is all he can spare.  It would be unknightly to take anything else from these poor people.	樵夫已經把他僅有的小提琴送給你了，那是他能拿得出的一切。再從這對窮苦夫妻身上拿走別的東西，有失騎士風範。
The woodcutter's wife is too polite to speak with her mouth full!	樵夫的妻子嘴裡還有東西，太有禮貌了，不會邊吃邊說話！
The woodcutter's wife is too fatigued to speak, but you can see in her eyes that she's very grateful...and happier than she's been in a long time.	樵夫的妻子疲憊得說不出話，但你能從她的眼神中看出，她心懷感激……也是好久以來最開心的時候。
The woodcutter's poor wife appears to be near death.	樵夫可憐的妻子看起來已瀕臨死亡。
The woodcutter is startled by the voice that appears to come from nowhere, but quickly returns to tending his wife.	樵夫被這彷彿憑空傳來的聲音嚇了一跳，但很快又回頭去照顧妻子。
WOODCUTTER:  "Please, Sir Knight, take my fiddle as a small token of thanks."	樵夫：「騎士大人，請收下我的小提琴，聊表一點謝意。」
WOODCUTTER:  "Thank you, Sir Knight!"	樵夫：「謝謝你，騎士大人！」
The woodcutter, still holding his wife's hand and gazing at her pale face, does not seem to hear you.	樵夫仍握著妻子的手，凝視著她蒼白的臉，似乎沒聽見你說話。
It doesn't respond, but that shouldn't be surprising.	它沒有任何反應，不過這也不奇怪。
with whom do you wish to talk, Sir Graham?	格拉漢爵士，你想跟誰說話呢？
The poor woman is too weak to even notice.	這可憐的女子虛弱得連察覺都做不到。
What stew?  There is no stew in your bowl.	什麼燉肉？你的碗裡根本沒有燉肉。
Move a little closer, Sir Graham.	格拉漢爵士，再靠近一點。
You don't have the stew.  You were kind enough to give it away for the woodcutter wife's speedy recover.	你身上沒有燉肉了。你早已心懷善意，把它送出去讓樵夫的妻子早日康復。
It would be terribly cruel to eat in front of these poor, starving people.  Your conscience prevents you from being so inconsiderate.	在這對可憐挨餓的夫妻面前吃東西，實在太殘忍了。你的良心不允許你這麼冷酷無情。
You don't have one of those to give.	你身上沒有那樣東西可以給。
You have already given the woodcutter a bowl filled with stew.  To help him now, you must hurry and complete your mission.	你已經給過樵夫一碗盛滿燉肉的碗了。要繼續幫助他，你得趕緊完成你的任務。
The woodcutter has already given the fiddle to you. It would be rude to return it.	樵夫已經把小提琴送給你了，把它退回去會很失禮。
The woodcutter gratefully accepts the walnut, but is too weak to open it.	樵夫感激地收下了胡桃，但虛弱得打不開它。
The woodcutter has little use for that.	那東西對樵夫沒什麼用處。
You wouldn't want to hurt them.	你不會想傷害他們的。
The woodcutter's wife is in the bed, sitting up and and eating hearty stew by the spoonful.	樵夫的妻子坐在床上，正一匙一匙地吃著豐盛的燉肉。
The woodcutter's wife is getting a bit of color back in her cheeks.  With your help, she'll be making a full recovery.	樵夫的妻子臉頰漸漸恢復了些血色。有你的幫助，她將會完全康復。
The woodcutter's wife lies in bed.  Years of struggle and poverty have taken their toll on her; she looks much older than she really is.	樵夫的妻子躺在床上。多年的艱苦與貧困在她身上留下了痕跡，讓她看起來比實際年齡蒼老許多。
The woodcutter sits on the edge of the bed, next to his wife.  Ever since the woods became too dangerous to venture into, he has not been able to earn a decent living.	樵夫坐在床邊，陪著妻子。自從森林變得太危險、無法進入之後，他就再也無法靠正當方式謀生。
The woodcutter has the magic bowl you've given him; at the moment, it's filled with hot, savory stew.	樵夫拿著你送給他的魔法碗；此刻碗裡盛滿了熱騰騰、香氣四溢的燉肉。
The woodcutter's most treasured possession, a fine old fiddle, lies on the table.	桌上放著樵夫最珍視的寶貝——一把精美的老舊小提琴。
A large fire burns merrily in the fireplace, providing some warmth in the drafty old cottage.	壁爐裡熊熊燃燒著旺盛的爐火，為這間四處透風的老舊小屋帶來些許暖意。
An old earthenware pitcher sits on the table.	桌上放著一個老舊的陶製水壺。
It's empty.	它是空的。
A cracked old bowl sits beside the pitcher on the table.	桌上水壺旁放著一個裂了縫的舊碗。
The woodcutter speaks with joy in his voice.	樵夫的話語中透著喜悅。
WOODCUTTER:  "Sir Knight, bless you!  Even now, my wife is recovering due to your kindness."	樵夫：「騎士大人，願上天保佑你！多虧了你的善心，我妻子現在正在康復。」
The woodcutter speaks, his voice broken with sorrow.	樵夫開口說話，聲音因悲傷而顫抖。
WOODCUTTER:  "Oh, Sir Knight, you have returned.  But I fear that my wife grows weaker still for lack of food.	樵夫：「喔，騎士大人，你回來了。但我恐怕，我妻子因為缺乏食物，正變得更加虛弱。
The woodcutter speaks to you, his voice broken with sorrow.	樵夫對你說話，聲音因悲傷而顫抖。
WOODCUTTER:  "We would welcome you to our home, Sir Knight, but we have had no food for so long, my beautiful wife cannot even rise from her bed.  I fear she may die soon."	樵夫：「我們很樂意歡迎你來到我們家，騎士大人，但我們已經斷糧太久了，我美麗的妻子連下床都做不到。我怕她恐怕就快要不行了。」
WOODCUTTER:  "Sir Knight, an empty bowl will not help us now."	樵夫：「騎士大人，一個空碗現在幫不了我們什麼。」
The woodcutter is overwhelmed with joy.	樵夫喜極而泣。
WOODCUTTER:  "Thank you, thank you, Sir Knight!  We shall never forget your kindness and generosity."	樵夫：「謝謝你，謝謝你，騎士大人！我們永遠不會忘記你的善心與慷慨。」
WOODCUTTER:  "Please, take my fiddle as a small token of our thanks."	樵夫：「請收下我的小提琴，聊表我們的一點謝意。」
The woodcutter gratefully accepts the treasure.	樵夫感激地收下了這件寶物。
The woodcutter accepts your meager gift of food.	樵夫收下了你送來的微薄食物。
WOODCUTTER:  "Thank you, Sir Knight, but I fear that only a gift of food will save my poor wife from starvation."	樵夫：「謝謝你，騎士大人，但我恐怕只有食物才能救我可憐的妻子免於餓死。」
WOODCUTTER:  "Thank you, Sir Knight.  This will help... for a while."	樵夫：「謝謝你，騎士大人。這能撐一陣子……。」
There is a sturdy old plank table here.  The food it once held is long gone, but there appears to be a fiddle on the table.	這裡有一張堅固的老木板桌。桌上曾經擺放的食物早已不見蹤影，但桌上似乎放著一把小提琴。
There is a sturdy old plank table here.  The food it once held is long gone.	這裡有一張堅固的老木板桌。桌上曾經擺放的食物早已不見蹤影。
The woodcutter and his wife are on the bed.	樵夫和他的妻子都在床上。
You can't do that while you're invisible, Sir Graham.	格拉漢爵士，你隱形的時候沒辦法做這件事。
You see the goat far, far below you, wandering off to explore Daventry on his own.	你看見山羊在你腳下老遠的地方，獨自漫遊，探索著戴凡確王國。
Shall we really begin the adventure from the very beginning?	你真的要從頭開始這場冒險嗎？
Dost thou truly wish to cease our adventuring?	汝當真欲就此終止吾等之冒險乎？
Use the arrow keys then enter or mouse to select option.	使用方向鍵後按 Enter，或用滑鼠選取選項。
Introduction	簡介
Begin Game	開始遊戲
Credits	製作名單
Continue Game	繼續遊戲
OUCH!	哎呦！
As the wicked witch flew over her cottage, she dropped you straight through the roof and into her cage.  Who knows what sinister plans she has in store for you?	邪惡的巫婆飛過她的小屋上空時，把你直接從屋頂扔了下去，落進她的籠子裡。天曉得她心裡正打著什麼陰險的算盤等著你？
You are Sir Graham, the bravest and most honorable knight in the troubled realm of Daventry.	你是格拉漢爵士，這個多災多難的戴凡確王國中，最勇敢、最光榮的騎士。
King Edward the Benevolent, aged ruler of Daventry, has summoned you to the castle for reasons unknown.	仁慈的愛德華國王，戴凡確王國年邁的統治者，召你前往城堡，理由不明。
CASTLE GUARD: "Greetings, Sir Graham. The King is expecting you. Allow me to escort you to His Majesty's throne room."	城堡衛兵：「你好，格拉漢爵士。國王正等著你。請容我護送你前往陛下的王座廳。」
SIR GRAHAM: "Thank you, Sir Knight."	格拉漢爵士：「謝謝你，騎士大人。」
CASTLE GUARD: "Raise the portcullis!"	城堡衛兵：「升起閘門！」
SIR GRAHAM: "I am at your service, my King."	格拉漢爵士：「臣聽候陛下差遣。」
KING EDWARD: "I am an old man, Sir Graham.  Perhaps too old to carry the weight of this crown."	愛德華國王：「格拉漢爵士，朕已年邁，或許已老得扛不動這頂王冠的重量了。」
KING EDWARD: "My bones ache, my hands tremble.  I'm afraid my time on Earth grows short."	愛德華國王：「朕骨頭作痛，雙手顫抖。恐怕在世的時日已經不多了。」
KING EDWARD: "But enough about me."	愛德華國王：「不過，朕的事就先說到這裡。」
KING EDWARD: "Great misfortunes have befallen Daventry since the loss, years ago, of three magical treasures."	愛德華國王：「多年前，三件魔法寶物遺失以來，戴凡確王國便屢遭大難。」
KING EDWARD: "I have chosen you, the finest knight in all of Daventry, to search for these lost treasures."	愛德華國王：「朕選中了你——戴凡確王國最出色的騎士——去尋回這些失落的寶物。」
KING EDWARD: "Only then can this kingdom be restored to its former glory."	愛德華國王：「唯有如此，這個王國才能恢復昔日的榮光。」
KING EDWARD: "And only then may I rest with the knowledge that my people are safe."	愛德華國王：「也唯有如此，朕才能安心，知道子民都平安無事。」
KING EDWARD: "The first treasure is a magic mirror that foretells the future."	愛德華國王：「第一件寶物，是一面能預知未來的魔鏡。」
KING EDWARD: "The second is a magical shield that protects the bearer from all mortal harm."	愛德華國王：「第二件，是一面能護持配戴者免受一切致命傷害的靈盾。」
KING EDWARD: "The third and last is an enchanted chest that is forever filled with gold."	愛德華國王：「第三件，也是最後一件，是一個永遠裝滿黃金的魔法金盒子。」
KING EDWARD: "I know that what I ask is difficult ...nay, perhaps impossible.  The dangers are many."	愛德華國王：「朕明白這個請求十分艱難……不，或許根本是不可能的任務。危險重重。」
KING EDWARD: "But you are brave and pure of heart.  That is why I chose you to volunteer."	愛德華國王：「但你勇敢、心地純正。這正是朕選你來挑起這個重擔的原因。」
KING EDWARD: "If you succeed, you will inherit my crown, and will rule the Realm of Daventry as her rightful King."	愛德華國王：「若你成功，你將繼承朕的王冠，成為戴凡確王國名正言順的國王。」
KING EDWARD: "Go, Sir Graham, and know that the fate of Daventry lies in your hands."	愛德華國王：「去吧，格拉漢爵士，謹記戴凡確王國的命運，如今就掌握在你手中。」
SIR GRAHAM: "Take heart, my King.  I shall not fail you."	格拉漢爵士：「請放寬心，陛下。臣不會辜負您的期望。」
As you move further away from the goat, he forgets about your carrot and begins to wander off on his own.	你離山羊越走越遠，牠便忘了你手上的胡蘿蔔，開始自顧自地遊蕩起來。
The goat decides it would be easier to stop following you than to get his fur wet.	山羊覺得與其弄濕自己的毛，還不如乾脆不再跟著你。
The goat does not mind getting its feet wet, but will not swim in the water.  You should go back and lead the goat around the water.	山羊不介意弄濕腳，但牠不會游泳。你該回頭，帶著山羊繞過那片水域。
Seeing you swim away, the goat decides you've abandoned him and wanders off on his own.	山羊看見你游走了，以為自己被拋下，便自顧自地遊蕩起來。
The goat is wandering nearby.	山羊正在附近閒晃。
You don't have all you need in order to try something like that.	你身上還沒湊齊嘗試這件事所需要的東西。
You blew your chance with the goat.	你錯失了對付山羊的機會。
You don't have anything suitable for bringing a quick end to the goat.	你身上沒有適合快速解決那隻山羊的東西。
Since you've killed him, the goat just doesn't seem to display the same interest in the carrot.	既然你已經殺了牠，這隻山羊自然對胡蘿蔔提不起同樣的興趣了。
The goat is content to graze for now.	山羊此刻正安心地吃著草。
The goat cannot see you or the carrot.	山羊看不見你，也看不見胡蘿蔔。
The goat seems to be looking for his own food right now.	山羊此刻似乎正在自己找東西吃。
You don't have a carrot.	你身上沒有胡蘿蔔。
Goats love carrots!  The goat quickly devours yours and stops following you.	山羊最愛胡蘿蔔了！牠三兩下就把你的胡蘿蔔吃光，然後就不再跟著你了。
The goat is already following you! There's no reason to tease him mercilessly.	山羊已經在跟著你了！沒必要這樣無情地捉弄牠。
The goat isn't interested in you anymore.	山羊已經對你沒興趣了。
You viciously plunge the dagger deep into the poor goat's back.  He struggles in pain, bleating frantically, and finally slumps to the ground.	你狠心地將短刀深深刺入可憐山羊的背部。牠痛苦地掙扎，瘋狂地咩叫，最終癱倒在地。
Goats love carrots!  The goat quickly devours yours and wanders away.	山羊最愛胡蘿蔔了！牠三兩下就把你的胡蘿蔔吃光，然後便自顧自地離開了。
Unfortunately, drowning in the river is taking up all of your attention.	不幸的是，你正忙著在河裡溺水，沒空分神顧及其他事。
There is a green meadow on the other side of the river.	河的另一岸是一片綠色草地。
The stream appears placid enough, but appearances can be deceiving.	這條溪流看似平靜無波，但外表可能會騙人。
This natural rock bridge connects the Daventry mainland to a small island.	這座天然石橋將戴凡確王國的本土與一座小島連接起來。
This is an old, rickety bridge which seems to be one of the only ways cross the river.	這是一座老舊搖晃的橋，似乎是過河為數不多的方法之一。
How do you use the dagger?	你要怎麼使用短刀？
You don't have the dagger.	你身上沒有短刀。
The troll is bigger than you, stronger than you, and much, MUCH meaner than you.  Better not even try it.	矮精靈比你高大、比你強壯，而且比你兇惡得多，兇惡「非常非常」多。你最好想都別想。
You throw the dagger and it lands in the river, lost for all time.	你把短刀丟出去，短刀落入河中，永遠消失了。
There is no need for that now.	現在沒有必要那麼做。
diamond pouch	鑽石皮袋
gold egg	金蛋
sceptre	王杖
treasure chest	金盒子
gold walnut	金胡桃
Gold Walnut	金胡桃
The troll isn't interested in a plain walnut.	矮精靈對普通的胡桃沒有興趣。
Walnut	胡桃
Why?  To what?	為什麼？要做什麼？
Your skimpy offering doesn't impress the troll.	你這寒酸的供品打動不了矮精靈。
You push the troll as hard as you can.  Unfortunately, the troll doesn't budge an inch.	你使出全力推矮精靈，可惜矮精靈紋風不動。
You certainly cannot do that from here.	你在這裡當然沒辦法這麼做。
The troll turns a very large and pointy deaf ear on your pleas.	矮精靈那對又大又尖的耳朵，對你的懇求充耳不聞。
The troll cannot hear you from there.	矮精靈在那裡聽不見你說話。
TROLL: "Dat's right.  Gimme somethin' valuable and maybe, JUST maybe, I'll letcha cross dis bridge.  If I feel like it.  Which I ain't sure I do."	矮精靈：「沒錯，給我點值錢的東西，也許，『也許』我就讓你過我這座橋。如果我心情好的話。不過我可不確定自己心情好不好。」
You should save your pebbles.  You may need them later.	你該省著點用鵝卵石，之後可能用得到。
You throw a pebble at the troll, but it merely bounces off his thick hide.  He barely notices it.	你朝矮精靈丟了一顆鵝卵石，卻只在他厚厚的皮膚上彈開，他幾乎沒察覺。
You throw the dagger and the troll deftly snatches it out of the air.  What are you going to do now?	你把短刀丟出去，矮精靈靈巧地在半空中把它接住。你現在打算怎麼辦？
You throw the dagger wildly and it sails away, never to be found.	你胡亂把短刀丟出去，短刀飛遠了，再也找不回來。
dagger	短刀
There is no one here to throw the dagger at.	這裡沒有人可以讓你丟短刀。
You do not have the %s.	你身上沒有 %s。
You give the %s to the troll, and it appears to satisfy him.  He tromps off leaving the bridge clear for you to cross.	你把 %s 給了矮精靈，他似乎相當滿意，隨即跺著腳離開，讓出橋來給你通過。
If you want to try that, you should get a little closer.	如果你想試試看，應該再靠近一點。
It's too late now!	現在已經太遲了！
It's too shallow here.	這裡水太淺了。
You need to be in the water to swim.	你得先進到水裡才能游泳。
You need to be in the water to try that.	你得先進到水裡才能嘗試那件事。
The water is not deep enough here for you to dive.	這裡的水不夠深，沒辦法讓你跳水。
The water isn't very deep here.  Diving wouldn't be recommended.	這裡的水不太深，不建議跳水。
The water is very deep here.  Without aid, it is impossible to swim under the water for any length of time.	這裡的水非常深。沒有輔助工具，不可能在水下游太久。
You have nothing to carry the water in.	你身上沒有可以裝水的東西。
Walking in the water seems to have made you visible once again.	走進水裡似乎讓你再次現形了。
This is a well-tended carrot patch.  The carrots look tempting to a hungry traveler.	這是一片照料得很好的胡蘿蔔田，對飢餓的旅人來說，這些胡蘿蔔看起來十分誘人。
A brick border surrounds a well-kept garden.	一圈磚砌的邊界圍繞著一座整理得很好的花園。
You see a brick border surrounding a well-kept garden.	你看見一圈磚砌的邊界，圍繞著一座整理得很好的花園。
There are many large, plump carrots in the garden.	花園裡有許多又大又飽滿的胡蘿蔔。
The carrots are buried in the ground. You must get closer to see them.	胡蘿蔔埋在地裡，你得靠近一點才能看清楚。
You already have a carrot.	你已經有一根胡蘿蔔了。
You're too busy to pick a carrot.	你現在正忙著，沒空摘胡蘿蔔。
You can't pick a carrot while you're invisible.	你隱形的時候沒辦法摘胡蘿蔔。
You must be in the carrot patch to pick a carrot.	你得站在胡蘿蔔田裡才能摘胡蘿蔔。
You pluck a plump, orange carrot from the ground.	你從地裡拔起一根飽滿的橘色胡蘿蔔。
You are standing outside King Edward's castle, which is surrounded by a serpent-filled moat.	你站在愛德華國王的城堡外，城堡四周圍繞著一條滿是巨蛇的護城河。
King Edward the Benevolent, the mighty ruler of Daventry, lives in this castle.	仁慈的愛德華國王，戴凡確王國強大的統治者，就住在這座城堡裡。
You never know what sort of fierce sea creatures lie just beneath the surface of the moat.	你永遠不知道護城河水面下潛伏著什麼樣兇猛的水中生物。
It's your typical moat water: murky and smelly.	這是典型的護城河水：混濁又發臭。
Tendrils of ivy cling to the massive walls of the castle.	藤蔓的卷鬚攀附在城堡厚重的牆上。
It's the king's ivy.  Leave it alone.	那是國王的常春藤，別去碰它。
What!  Are you crazy?	什麼！你瘋了嗎？
But they help to guard the castle! You should let these creatures do their job in peace.	但牠們是在幫忙守衛城堡！你該讓這些生物安心做牠們的工作。
You'd end up inside the serpent.  And what would happen to Daventry then?	你最後會被巨蛇吞進肚子裡。到時戴凡確王國會變成什麼樣子？
Who knows what danger lurks beneath the surface of the murky water.	誰知道混濁的水面下潛伏著什麼樣的危險。
The odor of the murky water is almost unbearable.	這混濁河水的臭味幾乎讓人難以忍受。
You wouldn't want to dive in the serpent-filled moat.	你不會想跳進滿是巨蛇的護城河裡。
The guards do not appreciate people climbing their castle.	衛兵們不喜歡有人爬他們的城堡。
Go ahead.  But it's not recommended.	去吧，不過不建議這麼做。
You'll want to leave those horrible creatures alone.	你最好別去招惹那些可怕的生物。
These serpents would rather eat you than to talk to you.	這些巨蛇寧可吃了你，也不想跟你說話。
You already have water.	你已經有水了。
You don't have a bucket.	你身上沒有水桶。
You fill the bucket with the murky water from the moat.	你用護城河的混濁河水裝滿水桶。
You need to get closer to the water.	你得再靠近水邊一點。
These scaly, slimy serpents cruise the moat searching for unwary trespassers.	這些長滿鱗片、渾身黏滑的巨蛇在護城河中巡遊，尋找不小心闖入的人。
You can see the goat's reflection on the dirty moat water.	你能在骯髒的護城河水面上，看見山羊的倒影。
You can see your reflection on the dirty moat water.	你能在骯髒的護城河水面上，看見自己的倒影。
You've already planted them.	你已經種下它們了。
You ate the beans.	你已經吃掉那些豆子了。
That is not a bad idea, but this is not a very suitable place to plant these beans.  Why don't you try it elsewhere?	這主意不錯，但這裡不太適合種這些豆子，何不去別的地方試試？
You can't plant the beans while you're invisible.	你隱形的時候沒辦法種豆子。
You plant the magical beans in the fertile soil.  Suddenly, something incredible begins to happen!	你把魔豆種進肥沃的土壤裡，突然間，不可思議的事發生了！
You're not in a good place to climb the beanstalk.	你現在的位置不適合爬豆莖。
You are already climbing the beanstalk.	你已經在爬豆莖了。
You must be swimming in order to dive.	你得先游泳，才能潛水。
The current is too strong for diving.	水流太強，沒辦法潛水。
You must be in the water in order to swim.	你得先進到水裡才能游泳。
Although you try to swim, the current is too strong.	你試著游泳，但水流太強了。
The steep embankment prevents you from getting a drink.	陡峭的堤岸讓你沒辦法喝到水。
You're too busy drowning!	你正忙著溺水呢！
The steep embankment prevents you from doing that.	陡峭的堤岸讓你沒辦法這麼做。
The beanstalk's leaves are bigger than you are!	豆莖的葉子比你還大！
Go ahead and climb.	去吧，爬上去。
You are already climbing the beanstalk.  Be careful!	你已經在爬豆莖了，小心點！
They are much too large to carry around.	它們太大了，沒辦法隨身帶著走。
Up here in the clouds, the selection of stones is very poor.	在雲端這裡，能找到的石頭少得可憐。
You are in the Land of the Clouds.  There is a giant here.	你身處雲之國，這裡有一個巨人。
You are in the Land of the Clouds.  It is rumored that a giant lives up here.	你身處雲之國，傳說有個巨人住在這上面。
These gigantic, oddly-shaped trees loom far overhead.	這些形狀怪異的巨樹，高聳在你頭頂遠處。
As you drop through the clouds, your magic ring slips from your finger.	你穿過雲層墜落時，魔戒從你的手指上滑落。
Next time, keep your feet on the ground and your head out of the clouds!	下次記得腳踏實地，別把頭埋進雲裡！
You can hear the chirping of many birds hidden in the trees.	你能聽見許多鳥兒藏在樹裡啁啾鳴叫。
Sir Graham!  Your conduct is unbecoming of a knight.  Fortunately, the birds are flying too fast for you to hit.	格拉漢爵士！你這樣的行為有失騎士風範。幸好那些鳥飛得太快，你打不中牠們。
They're not here right now...but the birds are coming.	牠們現在不在這裡……不過鳥兒正要飛來。
The birds of Daventry are beautiful, are they not?	戴凡確王國的鳥兒很美麗，不是嗎？
You are neither tall enough nor fast enough to do that.	你的身高不夠、速度也不夠快，做不到這件事。
There's no reason to kill the birds in Daventry.   They would never harm you!	沒有理由要殺害戴凡確王國的鳥兒，牠們根本不會傷害你！
The birds of Daventry get up early and catch all the worms they need.	戴凡確王國的鳥兒早起，能抓到牠們需要的所有蟲子。
Your aim could use some improvement.  The dagger flies through the air, and where it lands, you know not where.	你的準頭還有待加強。短刀飛向空中，落在哪裡，你也不知道。
You play a lively, toe-tapping tune on the fiddle.	你用小提琴演奏了一曲輕快、讓人忍不住打拍子的曲子。
The woodcutter and his wife ignore your fiddling. Perhaps they preferred their own music?	樵夫和他的妻子沒理會你的琴聲，也許他們比較喜歡自己的音樂？
Though your fiddle-playing is loud and boisterous, the giant can't hear you above his own snoring.  Good thing, too!	雖然你的琴聲又吵又熱鬧，巨人卻被自己的鼾聲蓋過，根本聽不見。這樣也好！
Obviously, there are no music lovers here.  You put the fiddle away.	這裡顯然沒有愛好音樂的人，你把小提琴收了起來。
You had better practice.  Your aim with the slingshot is poor.	你最好多練習，你用投石器的準頭不太好。
You missed.  Then again, you weren't aiming at anything worthwhile.	你沒打中。不過話說回來，你瞄準的也不是什麼值得打的東西。
Be careful!  There's a sorcerer lurking nearby, just waiting to try out his newest incantation.	小心！附近潛伏著一名巫師，正等著試驗他最新的咒語。
The sorcerer wants to cast his brand-new Paralysis Spell on you.	這名巫師想對你施展他全新的「麻痺咒」。
This sorcerer is a man of few words and many dangerous spells.	這名巫師話不多，卻擁有許多危險的咒語。
Unfortunately, there's nothing in Daventry more dangerous than an angry Sorcerer.  Best to avoid this evil magician than do anything that could cause him to retaliate!	不幸的是，戴凡確王國裡沒有什麼比一名發怒的巫師更危險了。最好避開這名邪惡的法師，別做任何可能招致他報復的事！
Unfortunately, the sorcerer is immune to the magic ring's invisibility spell.	不幸的是，這名巫師不受魔戒隱身咒的影響。
The sorcerer casts his Paralysis Spell, freezing you to the spot.  Satisfied with his deviltry, he departs, leaving you at the mercy of the forest creatures.  Let's hope there are no dangerous creatures skulking about until the spell wears off.	巫師對你施展「麻痺咒」，讓你當場動彈不得。他對自己的惡作劇感到滿意，便揚長而去，留下你任憑森林生物擺布。希望在咒語解除之前，附近沒有危險的生物潛伏。
The powerful spell has counteracted your own magic and removed your invisibility.	這道強大的咒語抵銷了你自己的魔法，讓你的隱身效果消失了。
The Paralysis Spell has worn off.  You're free to move about again, but beware of the Sorcerer's return.	「麻痺咒」的效果已經解除，你又能自由行動了，但要小心巫師回來。
Suddenly you hear the heavy footfalls of an Ogre!  He stomps into the clearing, spots you, and decides to crush the life out of you.	你突然聽見沉重的腳步聲——是一隻鬼怪！他踏著腳步走進空地，一眼看見你，便打定主意要把你活活壓死。
The ogre is itching to take you in his powerful arms and crush your bones!	這隻鬼怪迫不及待想用他強壯的雙臂抓住你，把你的骨頭捏碎！
Talking to this ogre is like talking to a brick wall.  An ANGRY brick wall.	跟這隻鬼怪說話，就像跟一堵牆說話——一堵發怒的牆。
This Ogre is one tough character.  Trying to bring harm to him would be a very bad mistake.  He's got a very thick skin, and a very short temper.	這隻鬼怪是個難纏的角色，想傷害他絕對是天大的錯誤。他皮粗肉厚，脾氣又差。
You don't have anything to try that with.	你身上沒有可以拿來嘗試的東西。
Attempting to bring harm to the ogre will do no good.  He has a very thick skin, and a very short temper.	想傷害這隻鬼怪不會有任何好處，他皮粗肉厚，脾氣又差。
The ogre is confused by your sudden disappearance.  Sneak away now, while you've got the chance!	這隻鬼怪被你突然消失搞得一頭霧水。趁現在有機會，趕緊溜走吧！
Unfortunately, you were too close to the ogre.  He could sense you nearby, despite your invisibility!	不幸的是，你離這隻鬼怪太近了。儘管你隱了形，他還是能察覺你就在附近！
The ogre sees you again!	這隻鬼怪又看見你了！
There is a small dwarf right nearby.  Be careful; this sly little chap is trouble.	附近就有一個矮小的矮人。小心點，這個狡猾的小傢伙是個麻煩人物。
This tricky little dwarf is quite interested in you!  To be exact, he would like to see what items of value you may be carrying.	這個狡猾的小矮人對你很感興趣！說得精確一點，他想瞧瞧你身上帶著什麼值錢的東西。
Looks like the dwarf is running off.  Did he take anything?	矮人似乎要逃跑了。他有沒有拿走什麼東西？
Talking to this dwarf is a waste of breath.  He's only interested in what you've got in your pockets.	跟這矮人講話只是白費唇舌，他只在乎你口袋裡裝了什麼。
The dwarf is too fast for you to catch.	矮人的動作太快，你追不上他。
The dwarf, startled by your sudden disappearance, runs away.	矮人被你突然消失的舉動嚇了一跳，拔腿逃走了。
You don't see the %s	你沒看見%s
You're not close enough.	你離得不夠近。
The %s looks like any other %s.	%s看起來就和其他%s一樣。
The %s will not move.	%s不會動。
You cannot get the %s.	你沒辦法拿取%s。
You cannot open the %s.	你沒辦法打開%s。
You cannot close the %s.	你沒辦法關閉%s。
The %s has no smell.	%s沒有味道。
You cannot move the %s.	你沒辦法移動%s。
You wouldn't want to eat the %s.	你不會想吃%s。
You can't climb the %s.	你沒辦法爬上%s。
The %s has nothing to say.	%s沒什麼好說的。
You're not facing the %s.	你沒有面對著%s。
%ssg.dir	%ssg.dir
New save-game directory:	新的存檔目錄：
%s is not a valid directory	%s 不是有效的目錄
You must type a description for the game.	你必須輸入這個存檔的說明文字。
File: %s	檔案：%s
Your save game disk is full. You must either use another disk or save over an existing saved game.	你的存檔磁片已滿。你必須換一張磁片，或覆蓋現有的存檔。
That game was saved under a different interpreter. It cannot be restored.	這個存檔是用不同的直譯器儲存的，無法讀取。
I don't understand "%s".	我聽不懂「%s」。
That doesn't appear to be a proper sentence.	這句話看起來不太像個完整的句子。
That sentence doesn't make sense.	這句話沒有意義。
You've left me responseless.	你讓我無言以對。
Please insert your %s disk in drive %s.	請將你的 %s 磁片插入 %s 磁碟機。
King's Quest I SCI  Designed by: Roberta Williams  Version %s Copyright 1990 Sierra On-Line, Inc.	國王密令 I SCI  設計：Roberta Williams  版本 %s Copyright 1990 Sierra On-Line, Inc.
King's Quest I SCI  Illustrated by: JEFF CROWE, CINDY WALKER and JENNIFER SHONTZ  Programmed by: JERRY SHAW, GARY KAMIGAWACHI RANDY MACNEILL, RAOUL SAID, CHAD BYE, OLIVER BRELSFORD and MARK WILDEN  Original Music by: KEN ALLEN 	國王密令 I SCI  美術：JEFF CROWE, CINDY WALKER and JENNIFER SHONTZ  程式：JERRY SHAW, GARY KAMIGAWACHI RANDY MACNEILL, RAOUL SAID, CHAD BYE, OLIVER BRELSFORD and MARK WILDEN  原創音樂：KEN ALLEN
King's Quest I SCI  Development System by: JEFF STEPHENSON, ROBERT E. HEITMAN, PABLO GHENIS, JOHN HARTIN, DAN FOY, LARRY SCOTT, JOHN RETTIG, CORINNA ABDUL, COREY COLE, MARK HOOD and ERIC HART  Quality Assurance by: CHRIS CARR and the rest of the gang.	國王密令 I SCI  開發系統：JEFF STEPHENSON, ROBERT E. HEITMAN, PABLO GHENIS, JOHN HARTIN, DAN FOY, LARRY SCOTT, JOHN RETTIG, CORINNA ABDUL, COREY COLE, MARK HOOD and ERIC HART  品質保證：CHRIS CARR 與其餘團隊成員。
DURING THE GAME:  ESC opens and closes the menus,    which show additional shortcuts.  IN DIALOG WINDOWS:  Your current choice is outlined.  Tab and Shift-Tab move between    choices.  ESC always cancels.  IN TYPING WINDOWS:  Arrows, Home, and End move the    cursor.  Ctrl-C clears the line.	遊戲中：\n ESC 開關選單。\n對話視窗：\n 目前選項有外框。\n Tab／Shift-Tab 換選項，ESC 取消。\n輸入時：\n 方向鍵、Home、End 移游標。\n Ctrl-C 清整行。
You are unable to duck here.	你在這裡沒辦法蹲下。
You have no reason to duck - nobody can see you while you're invisible.	你沒有理由蹲下——你隱形的時候沒有人看得到你。
You can't jump here.	你在這裡沒辦法跳躍。
Very well, I shall wait until you are ready to resume our adventure again.	好吧，我會等你準備好，再繼續我們的冒險。
This is not a good time to rummage through your belongings.  Try again a little later.	現在不是翻找你隨身物品的好時機。晚一點再試試看。
You are ducking.	你正蹲著。
You'll have to try that when you're on your feet.	你得先站起來才能這麼做。
As you jump, the ring slips off your finger, and you are visible again.	你跳起來的時候，戒指從手指上滑落，你又現出原形了。
As you jump, the ring slips off your finger.	你跳起來的時候，戒指從手指上滑落了。
%s [Collection of size %d]	%s〔大小為 %d 的 Collection〕
%s [List of size %d]	%s〔大小為 %d 的 List〕
%s [Set of size %d]	%s〔大小為 %d 的 Set〕
Turn Off	關閉
Turn On	開啟
Debug	除錯
This large ceramic bowl is now empty.	這只大陶碗現在是空的。
This large ceramic bowl is now filled with a savory beef stew.	這只大陶碗現在裝滿了香濃的牛肉燉肉。
Unknown word	未知的字詞
Couldn't parse	無法解析
No response	沒有回應
King's Quest I	國王密令 I
 Dagger 	 短刀 
This is a fine silver dagger, with a very sharp edge!	這是一把精美的銀製短刀，刀刃十分鋒利！
 Chest 	 金盒子 
This Magic chest, one of the three lost treasures of Daventry, is always filled with gold coins.	這只金盒子是戴凡確王國失落的三件寶物之一，裡頭永遠裝滿了金幣。
 Carrot 	 胡蘿蔔 
This looks like an ordinary carrot.	這看起來是一根普通的胡蘿蔔。
This is a simple gold key.	這是一把樸素的金鑰匙。
There is a message written on the note: "Sometimes it is wise to think backwards."	紙條上寫著一段話：「有時候，反過來想才是明智之舉。」
 Magic Ring 	 魔戒 
Your hand tingles slightly as you look at this jewelled ring.	你看著這枚鑲著寶石的戒指，手心微微感到一陣刺麻。
 Four-leaf Clover 	 幸運草 
You are holding a large four-leaf clover.	你手裡拿著一株碩大的幸運草。
 Ceramic Bowl 	 陶碗 
Inscribed on the inside of this empty ceramic bowl is the word "Fill."	這只空陶碗內側刻著「裝滿」兩個字。
 Empty Water Bucket 	 空水桶 
You are holding an empty wooden bucket.	你手裡拿著一個空的木桶。
 Pebbles 	 鵝卵石 
You have a pocketful of smooth, rounded pebbles.	你口袋裡裝滿了光滑圓潤的鵝卵石。
 Leather Slingshot 	 皮製投石器 
This is a small but sturdy slingshot.	這是一把小巧但堅固的投石器。
 Pouch 	 皮袋 
You are holding a plain leather pouch.	你手裡拿著一只樸素的皮袋。
 Sceptre 	 王杖 
This jewelled sceptre belongs to the King of the Leprechauns.	這根鑲滿寶石的王杖，屬於地穴人國王所有。
 Cheese 	 乳酪 
This is an extremely fragrant piece of Swiss cheese.	這是一塊香氣濃郁的瑞士乳酪。
 Magic Mirror 	 魔鏡 
This is the magic mirror, one of the three treasures of Daventry.	這面魔鏡是戴凡確王國三件寶物之一。
 Gold Egg 	 金蛋 
You are holding a lovely golden egg.	你手裡拿著一顆美麗的金蛋。
 Magic Shield 	 靈盾 
This is the magic shield, one of the three treasures of Daventry.	這面靈盾是戴凡確王國三件寶物之一。
 Fiddle 	 小提琴 
This is the woodcutter's old fiddle.	這是樵夫的那把舊小提琴。
You are holding an ordinary walnut.	你手裡拿著一顆普通的胡桃。
 Mushroom 	 蘑菇 
This is a small, unusual-looking mushroom.	這是一朵外形奇特的小蘑菇。
 Beans 	 豆子 
You are holding a handful of small beans.	你手裡拿著一把小豆子。
 Full Water Bucket 	 裝滿水的水桶 
This old wooden bucket is now filled with clear water.	這個老舊的木桶現在裝滿了清水。
Restore	讀取
 Restart 	 重新開始 
 Pebble 	 鵝卵石 
Ripple	漣漪
A sturdy bridge has been built here to span the moat.	這裡架著一座堅固的橋樑，橫跨護城河。
Massive turrets, from which the guards can defend the castle, stretch to the sky above.	巨大的城樓高聳入雲，衛兵可以在上頭防守城堡。
The trees around the castle are tall and old; they were just as tall back when King Edward was just a young prince!	城堡四周的樹木高大又古老；早在愛德華國王還是個年輕王子的時候，它們就已經一樣高聳了！
The moving rock rolls downhill...and right into you.   A crushing defeat.	這顆會滾動的石頭滾下山坡……正好撞上你。這是一場毀滅性的失敗。
This rock is less distinctive than the one next to it.	這顆石頭沒有它旁邊那顆來得顯眼。
There is a dense grove of trees here.	這裡有一片茂密的樹林。
This is a serene mountain lake with a small beach of pebbles on its edge.	這是一座寧靜的山中湖泊，湖畔有一小片鵝卵石灘。
On the beach are some smooth pebbles.	灘上有一些光滑的鵝卵石。
There are many lush trees surrounding the lake.	湖泊四周長滿了茂盛的樹木。
An old, dignified oak tree rests near the shore of the lake.	一棵古老而莊嚴的橡樹，靜靜佇立在湖畔附近。
big rock	大石頭
The roots of the oak are entwined around this craggy cluster of rocks.	橡樹的樹根盤繞著這叢嶙峋的岩石。
small rock	小石頭
A boulder sits at the side of lake, the water lapping gently against its sides.	一塊巨石座落在湖邊，湖水輕輕拍打著它的側面。
The roots of the oak spread out here to soak up water from the moist earth.	橡樹的樹根在這裡向外伸展，從濕潤的泥土中吸收水分。
A totally typical example of the trees in this forest.	這是這片森林裡再典型不過的一棵樹。
You've found a bush, but there isn't a quail in the game.	你發現了一叢灌木，不過遊戲裡並沒有鵪鶉。
A distinctively common tree sits near the shore of the lake.	一棵格外平凡的樹，佇立在湖畔附近。
large_tree	large_tree
large_tree1	large_tree1
large_tree2	large_tree2
large_tree3	large_tree3
large_tree4	large_tree4
large_tree5	large_tree5
You can just see the northern edge of a nearby lake.	你隱約能看見附近湖泊的北緣。
There's a single large rock sitting off to the side.	一旁孤零零地擺著一塊大石頭。
A majestic old tree stands nearby.	附近矗立著一棵雄偉的老樹。
This is a beautiful little lake.	這是一座美麗的小湖。
small tree	小樹
This is just one of the many small trees adorning Daventry's countryside.	這只是戴凡確王國鄉間，眾多點綴景色的小樹之一。
Pleasant little bushes grow around the spring-fed lake.	悅目的小灌木叢，生長在這座湧泉湖的四周。
These rocks must lead to some sort of underground spring.  You remind yourself to explore their nooks and crannies sometime...when you don't have so much work to do!	這些岩石想必通往某種地下泉水。你提醒自己，改天要找時間探索這些犄角旮旯……等你沒這麼多事要忙的時候！
Graceful willows adorn the lake.	優雅的柳樹點綴著這座湖泊。
A small, ordinary tree juts up from between the rocks.	一棵普通的小樹，從岩石縫間探出頭來。
The underbrush around the trees is home to many small furry creatures, none of which concern you at the moment.	樹叢間的灌木叢裡，住著許多毛茸茸的小動物，目前都與你無關。
Small bushes thrive by the clear little lake.	小灌木叢在這座清澈的小湖旁茁壯生長。
fairy godmother	教母
You see lush plants and bushes throughout the Kingdom of Daventry.	你看見戴凡確王國各處生長著茂盛的植物與灌木叢。
Many beautiful trees adorn the green countryside.	許多美麗的樹木點綴著這片綠意盎然的鄉間。
This is the goat's trough, currently empty.  Goats are always hungry!	這是山羊的食槽，目前是空的。山羊總是餓著肚子！
There are numerous beautiful trees ringing the goat pen.	山羊圈四周環繞著許多美麗的樹木。
There are many small decorative bushes scattered around Daventry.	戴凡確王國各處散布著許多裝飾用的小灌木叢。
Beautiful shade trees abound in this part of Daventry.	這片戴凡確的土地上，到處都是美麗的遮蔭樹。
This is typical of the large, leafy vegetation found all throughout Daventry.	這是戴凡確王國隨處可見的典型茂密植物。
bush on well	井邊的灌木叢
Several unremarkable plants have rooted themselves at the base of the old stone well.	幾株不起眼的植物，在這座古老石井的底部扎了根。
This is one of the countless rocks and boulders that dot the countryside.	這是散布在鄉間無數石頭與巨石中的一顆。
How many times have you been told not to wolf down your food?	別人跟你說過多少次，吃東西不要狼吞虎嚥？
All sorts of gorgeous trees dot the Daventry countryside.	戴凡確的鄉間點綴著各式各樣美麗的樹木。
This is the largest oak tree you've ever seen.  Its trunk seems to be about ten feet around, and the thick, sturdy branches look like they could hold many times your weight.	這是你見過最大的一棵橡樹。它的樹幹看起來約有十呎粗，粗壯結實的枝幹似乎能承受你體重的許多倍。
The roots of the colossal oak tree are entwined among the rocks.	這棵巨大橡樹的根，交纏在岩石之間。
A small thicket of unimpressive white birch trees grows here.	這裡長著一小叢平凡無奇的白樺樹。
There are plenty of rocks around the base of the enormous tree.	這棵巨樹的樹底四周有不少岩石。
Lovely trees grow near the carrot patch.	可愛的樹木生長在胡蘿蔔田附近。
A copse of low bushes grows beneath the shade trees.	遮蔭樹下長著一叢低矮的灌木。
A patch of pretty flowers has been planted near the garden, just for decoration.	花園附近種著一片美麗的花朵，純粹作為裝飾。
Some low, lush green bushes are growing at the base of the trees.	幾株低矮茂密的翠綠灌木，長在樹底下。
Your attempt at cliffdiving was a smashing failure.	你這次跳崖的嘗試，摔了個粉身碎骨。
Treacherous cliffs surround a picturesque mountain lake.	險峻的懸崖環繞著這座風景如畫的高山湖泊。
The clear mountain lake is surrounded by steep cliffs.	這座清澈的高山湖泊四周，是陡峭的懸崖。
A large, jagged boulder sits at the top of the cliff.	懸崖頂端有一塊巨大嶙峋的岩石。
After swimming for a long time, your strength ebbs and your arms and legs grow weary.  As your life swims before your eyes, you decide to...	游了好長一段時間後，你體力漸漸耗盡，四肢也開始疲憊。就在你的一生在眼前浮現時，你決定……
You splash around for awhile, but unfortunately that won't keep your head above water.  As you go down for the third time, a sense of peace washes over you...	你撲騰了好一陣子，但這樣終究無法讓你的頭浮出水面。當你第三次沉下去時，一股平靜感湧上心頭……
A spreading tree is silhouetted against the sun.	一棵枝葉繁茂的樹，在陽光下映出剪影。
These are the foothills of a large mountain that towers above Daventry.	這裡是聳立在戴凡確王國上方那座大山的山麓。
Small bushes like this one thrive near the fresh lake water.	像這樣的小灌木叢，在清新的湖水旁茁壯生長。
This is a miniature shade tree, which gives shade to the squirrels and other woodland creatures.	這是一棵迷你的遮蔭樹，為松鼠和其他林間生物提供遮蔭。
Long, low bushes grow unbounded throughout Daventry.	又長又矮的灌木叢，在戴凡確各處恣意生長。
These are the foothills of a large mountain which overlooks the Daventry countryside.	這裡是俯瞰著戴凡確鄉間那座大山的山麓。
Over the years, many ordinary rocks like this one have tumbled down from the heights of Daventry's mountain.	多年來，許多像這樣的普通石頭，從戴凡確山上的高處滾落下來。
Many evergreens surround this pretty lake.	許多常綠樹環繞著這座美麗的湖泊。
The water of this crystal clear lake is especially cold and crisp. The Leprechauns use it to brew their dandelion wine.	這座湖水晶瑩剔透，格外冰涼清爽。地穴人用它來釀造蒲公英酒。
Large, lush, colorful bushes grow all about this little lake.	這座小湖四周，長滿了茂盛而色彩繽紛的大灌木叢。
9jxra	9jxra
This is one of many uninteresting rocks that pepper the forest floor.	這是散布在森林地面上眾多平凡石頭中的一顆。
These trees are grotesquely bent and twisted, and the branches seem like they're reaching out to grab you.	這些樹木扭曲變形得十分怪異，枝幹彷彿正伸手要抓住你。
Bushes and vines grow in a jumble throughout this part of the forest.	這片森林裡，灌木叢與藤蔓雜亂地纏生在一起。
This is one of the many small trees scattered around the lovely Daventry countryside.	這是散布在戴凡確美麗鄉間眾多小樹中的一棵。
The trees are somewhat sparse here at the foot of the rocky mountain.	在這座石山腳下，樹木顯得有些稀疏。
rocky hill	岩石山丘
This jagged rocky hill reveals the entrance to a cave.	這座嶙峋的岩石山丘，露出一個洞穴的入口。
Many large rocks and boulders are strewn about the area.	這一帶散落著許多大石頭與巨石。
Two large boulders protect the delicate flowers by the lake.	兩塊巨石守護著湖邊的嬌嫩花朵。
This peaceful little lake is ringed with lovely trees.	這座寧靜的小湖，四周環繞著可愛的樹木。
This is another unremarkable specimen of the hundreds of bushes in Daventry's forests.	這是戴凡確森林裡數百株灌木中，又一株平凡無奇的樣本。
Small plants and bushes grow in the cracks and crevices of this boulder.	小型植物與灌木，從這塊巨石的裂縫中生長出來。
There are some beautiful, fragile little flowers here by the rocks.	岩石旁有幾朵美麗而嬌弱的小花。
clover patch	幸運草叢
Lovely fruit trees have blossomed early this year.	可愛的果樹今年開花得特別早。
three-leaf clover	三葉幸運草
The clover patch is thick with small three-leaf clovers.	這片幸運草叢裡，長滿了密密麻麻的三葉幸運草。
Graceful trees grow in profusion all throughout Daventry.	優雅的樹木在戴凡確各處茂密生長。
A small ordinary bush flourishes in the shade of the trees.	一株普通的小灌木，在樹蔭下欣欣向榮。
This mighty beanstalk stretches up so high, it vanishes into the clouds above.	這株雄偉的豆莖向上延伸得極高，一路沒入天上的雲層之中。
bush and rock	灌木叢與岩石
A commonplace little bush has grown in the protective shade of the rock.	一株平凡的小灌木，在岩石的庇蔭下生長。
There are more bushes in Daventry than you care to notice.	戴凡確的灌木叢多得讓你懶得細看。
The current of this wildly raging river is even more treacherous than it looks.	這條狂暴河流的水流，比看起來還要更加凶險。
The river bank drops off sharply here.  Best to watch your step.	這裡的河岸陡然下陷，最好走路小心一點。
A rough-hewn plank bridge spans the deep rushing river below.	一座粗糙的木板橋，橫跨在下方湍急的深河之上。
Troll	矮精靈
The steep banks are high above the river.	陡峭的河岸高高聳立在河面之上。
This appears to be an oversized Dwarf Maple tree.	這看起來是一棵過度巨大的矮楓樹。
This is the smallest Giant Redwood tree you've ever seen!	這是你見過最小的一棵巨紅杉！
This is just one of the countless bushes and shrubs scattered throughout the beautiful Daventry countryside.	這只是散布在戴凡確美麗鄉間，無數灌木與矮樹叢中的一株。
This is one of the oldest, grandest trees in all of Daventry, though it holds no secrets for you, Sir Graham.	這是戴凡確王國裡最古老、最雄偉的樹木之一，不過格拉漢爵士，它對你沒有任何秘密可言。
This is one of the oldest, grandest trees in all of Daventry.	這是戴凡確王國裡最古老、最雄偉的樹木之一。
baby bird	雛鳥
bird's nest	鳥巢
A couple of bushes lie among the undergrowth of the forest floor.	幾株灌木叢，藏身在森林地面的矮叢之中。
bush by tree	樹旁的灌木叢
You can hardly see the forest for all the trees here!	這裡樹木多得讓你幾乎看不見整片森林！
gingerbread boy	薑餅人
These little gingerbread boys and girls look almost alive! How do you suppose they got here?	這些小小的薑餅人男孩女孩，看起來幾乎像活的一樣！你猜他們是怎麼跑到這裡來的？
candy canes	糖果枴杖
The path to the gingerbread house is lined with the biggest, most tempting candy canes you've ever seen.	通往薑餅屋的小徑兩旁，排列著你見過最大、最誘人的糖果枴杖。
candy_canes	candy_canes
candy_canes1	candy_canes1
candy_canes2	candy_canes2
candy_canes3	candy_canes3
candy_canes4	candy_canes4
candy_canes5	candy_canes5
Even the chimney looks delicious.	就連煙囪看起來都很美味。
Twisted, malformed trees overhang the gingerbread house. They almost seem to reach out for you.	扭曲畸形的樹木，籠罩在薑餅屋上方，彷彿正伸手要抓住你。
This is the most marvelous house you've ever seen! It seems like it's made out of a huge gingerbread cupcake, with frosting for a roof. The chimney is made of gummy bricks, the door and fence are made of candy canes, and sourball stones and gumdrops are scattered around the yard.	這是你見過最神奇的房子！它看起來像是用一個巨大的薑餅杯子蛋糕做成的，屋頂是糖霜。煙囪是用軟糖磚塊砌成，門和柵欄是用糖果枴杖做的，院子裡則散落著酸球石頭和軟糖。
The steps look like they're made out of vanilla fudge, but after years of being stepped on, they've gotten a wee bit filthy.	台階看起來是用香草牛奶糖做的，但多年來被踩踏之下，已經有點髒了。
The roof looks like it's made out of rich vanilla buttercream frosting!	屋頂看起來是用濃郁的香草奶油糖霜做的！
There's a small window at the back of the cupcake...er, the house.  But you can't see through the sugar-pane glass.	這個杯子蛋糕……呃，房子的後方有一扇小窗，但你看不透那扇糖霜玻璃窗。
In this part of the forest the trees are twisted and misshapen lending an eerie feel to the place.	這片森林裡的樹木扭曲變形，讓這地方顯得陰森詭異。
Even the rocks in this part of the forest seem more jagged and unfriendly.  Watch your step, they're everywhere!	就連這片森林裡的岩石，看起來都更嶙峋、更不友善。小心腳步，它們無所不在！
walnut tree	胡桃樹
This large, healthy tree is chock full of plump walnuts.	這棵高大健壯的樹上，結滿了飽滿的胡桃。
These are just two garden-variety pine trees, with nothing to offer but shade.	這只是兩棵普通的松樹，除了遮蔭之外沒有別的用處。
pine tree	松樹
There's nothing particularly interesting about this old gray tree.	這棵灰撲撲的老樹沒什麼特別有趣的地方。
small bush	小灌木叢
Some typical Daventry bushes flourish in the shade of the nearby walnut tree.	幾株典型的戴凡確灌木，在附近胡桃樹的樹蔭下欣欣向榮。
There are trees growing nearly everywhere you look in Daventry.	在戴凡確，幾乎你目光所及之處都長著樹木。
Flourishing pine trees abound in this part of the forest.	這片森林裡，茂盛的松樹隨處可見。
You see a dazzling spray of tiny red flowers.	你看見一叢耀眼的鮮紅小花。
There are an endless variety of trees in Daventry; none of the ones you can see here seem the least bit unusual.	戴凡確的樹木種類繁多，不過你在這裡看到的這幾棵，一點也不特別。
The banks of the swiftly flowing river are steep.	這條湍急河流的河岸十分陡峭。
The river flows swiftly between steep banks.	河水在陡峭的兩岸之間湍急流動。
A large, run-of-the-mill boulder sits nearby.	附近有一塊平凡無奇的大石頭。
Small bushes grow vigorously in this sunny patch of forest.	小灌木叢在這片陽光充足的林地裡茂盛生長。
Bushes and rocks seem to complement each other, don't they?	灌木叢和岩石似乎相得益彰，不是嗎？
There certainly is an abundance of healthy plant life here.	這裡確實有著豐富茂盛的植物生態。
There's nothing unusual about this tree, though it does seem especially healthy.	這棵樹沒什麼特別之處，不過看起來格外健壯。
This is a raging river, filled with massive boulders and treacherous whitewater rapids.	這是一條奔騰的河流，裡頭滿是巨大的岩石與凶險的白浪激流。
It is a massive boulder that splits the river.	這是一塊將河流一分為二的巨石。
Several lovely trees sway peacefully in the breeze.	幾棵可愛的樹木，在微風中安詳地搖曳。
The bushes here grow well, helped by the refreshing spray of the nearby river.	這裡的灌木叢長得很好，多虧了附近河流帶來的清涼水花。
Several large, rough rocks sit around the riverbank.	河岸邊散落著幾塊粗糙的大石頭。
The river is dangerous and powerful.	這條河流既危險又湍急。
The banks of the river are tall and steep.  If you fell down, you'd never be able to climb back up again.	河岸又高又陡，你要是摔下去，恐怕再也爬不上來了。
A few oak trees serenely overlook the turbulent river below.	幾棵橡樹靜靜地俯瞰著下方洶湧的河流。
Low bushes are growing in abundance in the clean Daventry air.	在戴凡確清新的空氣裡，低矮的灌木叢繁茂生長。
These small twisted trees make the area seem very strange.	這些扭曲的小樹，讓這一帶顯得十分怪異。
The plants don't seem to grow very well in this part of the forest.	這片森林裡的植物似乎長得不太好。
All sorts of trees are growing in this part of the forest.	這片森林裡生長著各式各樣的樹木。
The murky water of this swampy lake looks very uninviting.	這片沼澤湖泊的水混濁不清，看起來一點也不誘人。
Large, mossy trees grow around this small, swampy lake.	這座小沼澤湖泊四周長著長滿青苔的大樹。
What a pretty bed of wildflowers.	好一片美麗的野花花圃。
An ordinary tree stands watch at the top of the hill.	山丘頂上矗立著一棵尋常的樹。
There's a bit of undergrowth scattered around the base of the tree.	樹根周圍散落著一些低矮的灌木叢。
There are many beautiful trees around Daventry.	戴凡確王國四處都有美麗的樹木。
The swift river gushes through this deep gully.	湍急的河水穿過這道深谷奔流而下。
spinning wheel	紡車
pile of gold	一堆黃金
pile of straw	一堆稻草
hole in tree	樹洞
Several nice bushes and plants surround the gnome's home.	矮人的家四周環繞著幾叢好看的灌木與植物。
The small, rickety wooden bridge is very old, but quite solid enough to support many times your weight.	這座小巧搖晃的木橋雖然老舊，卻十分堅固，足以承受你體重的好幾倍。
Many mature, graceful trees line the river's banks.	河岸兩旁排列著許多優雅的老樹。
Why, look! It's a tiny little baby tree!	咦，你看！那是一棵小小的樹苗！
A number of ordinary rocks sit in a pile here by the riverside.	河邊這裡堆著幾塊尋常的石頭。
This cluster of rocks by the river's edge controls the flow of the river.	河邊這叢岩石控制著河水的流向。
A large, healthy bush sits by the river.	河邊有一叢茂盛的大灌木。
The river ripples past the rocks.	河水泛起漣漪，流過岩石。
A few rocks project above the surface of the wildly flowing river.	幾塊岩石從奔騰的河面上突出。
You see lush plants and bushes throughout the kingdom of Daventry.	你看見戴凡確王國到處都是茂密的植物與灌木。
It is an old stone bridge, worn smooth by the ravages of weather and time.	這是一座古老的石橋，經歲月風霜侵蝕，已磨得十分光滑。
These rocky banks are damp and slippery.  Be careful not to come too close!	這片岩岸潮濕又滑溜，小心別靠得太近！
oak tree	橡樹
A stand of lovely golden oaks line the riverbank.	一排美麗的金色橡樹沿著河岸生長。
There is a beautiful pine tree by the clear blue lake.	清澈湛藍的湖邊有一棵美麗的松樹。
Several pretty trees stand by the lakeside, offering shade and beauty to wandering adventurers.	湖畔佇立著幾棵漂亮的樹，為漂泊的冒險者提供樹蔭與美景。
Rocks lie along the edge of the lake, adding to the quiet serenity of the area.	岩石沿著湖邊散落，為這片地方增添了寧靜安詳的氣息。
Some pretty flowering bushes grow in a bunch near the lake's edge.	湖邊叢生著幾株漂亮的開花灌木。
There are still a few graceful pines standing near the woodcutter's cottage.	樵夫的小屋附近還立著幾棵優雅的松樹。
These tree stumps sit where mighty trees once stood.	這些樹樁曾是參天大樹佇立的地方。
This crude porch looks like it has seen better days.	這個簡陋的門廊看起來已經風光不再。
Bushes grow here and there around the front of the woodcutter's house.	樵夫小屋前四處長著灌木。
The tree was cut from this stump long ago.	這棵樹早在很久以前就從這個樹樁上被砍下了。
This old cottage is sagging and in great need of repair.	這間老舊小屋已經傾頹，亟需修繕。
This log, felled long ago, awaits the woodcutter's fire.	這根很久以前砍下的原木，正等著送進樵夫的爐火。
This beautiful pine tree adorns the woodcutter's back yard.	這棵美麗的松樹點綴著樵夫家的後院。
Some large trees still overhang the woodcutter's house.	幾棵大樹仍舊籠罩在樵夫小屋上方。
There is a moldering old stump here, rotting to pieces.	這裡有一截腐朽的老樹樁，正逐漸腐爛崩解。
The trees here are stunted and twisted.  They give you the heebie-jeebies.	這裡的樹木長得又矮又扭曲，讓你覺得毛骨悚然。
There are numerous small rocks and boulders in this part of the forest.	森林的這個角落散布著許多小石頭與巨石。
Even in this slightly dismal part of the forest, the bushes grow well in the bright Daventry sun.	即使在森林這片略顯陰鬱的角落，灌木也在戴凡確王國的燦爛陽光下長得很好。
Several unimpressive little trees have grown in the sandy soil of the forest.	幾棵不起眼的小樹在森林的沙質土壤中長了出來。
castle	城堡
rock in river	河中的岩石
There's an impressive cliff here, overlooking the castle and the small waterfall.	這裡有一座氣勢驚人的懸崖，俯瞰著城堡與小瀑布。
This is just one of the many leafy bushes growing throughout the countryside.	這只是鄉間到處生長的茂密灌木之一。
This is a wild and perilous raging river, filled with jagged boulders and treacherous rapids.	這是一條狂野危險的怒河，佈滿嶙峋巨石與凶險的急流。
An old tree hangs over the river's rapids.	一棵老樹懸垂在河流的急流上方。
This extremely old tree stump has nearly splintered completely away.	這截極為古老的樹樁幾乎已經完全碎裂殆盡。
The steep face of the cliff is sheer, featureless rock.	這片陡峭的懸崖是毫無特徵的光禿岩壁。
A small, commonplace bush grows by the hole in the ground.	地上的洞穴旁長著一叢不起眼的小灌木。
Several small, ordinary rocks are scattered around the part of the forest.	森林的這片角落散落著幾塊尋常的小石頭。
Plenty of thick, healthy shrubbery grows here.	這裡長滿了茂密健康的灌木叢。
You've sunk your chances for saving Daventry.	你拯救戴凡確王國的機會就此沉沒了。
The sides of the well are damp and covered with algae and lichen.	井壁又濕又滑，覆滿了藻類與地衣。
The well-water is cold and clear.	井水冰涼又清澈。
fire ball	火球
dragon's head	巨龍的頭
Your shield melted from the intensity of the dragon's flames!  Looks like the dragon made an ash out of you.	你的盾牌被巨龍猛烈的火焰融化了！看來巨龍把你燒成了灰燼。
By venturing too close to the dragon's flame, you made an ash out of yourself.	你冒險靠巨龍的火焰太近，把自己燒成了灰燼。
Well, well, well!  Water you going to do now?	哎呀，哎呀，哎呀！看來你就這麼付諸東流了。
royal subject	王室臣民
person's head	人頭
Thick, puffy clouds can be found everywhere you look up here, as you might expect!	一如你所料，這裡放眼望去到處都是厚實蓬鬆的雲朵！
These weirdly-shaped trees tower over you.	這些形狀怪異的樹木高聳在你頭頂上。
Clouds rim the land here.  Wispy towards the edges, they appear to grow thicker in the distance.	這裡的陸地邊緣環繞著雲朵，邊緣稀薄如絲，越往遠處看起來越濃密。
The trees here are astonishingly tall; they loom over the land above the clouds.  You can barely see the tops!	這裡的樹木高得驚人，聳立在雲層之上的陸地上方，你幾乎看不到樹梢！
Thick, cottony clouds surround the land up here, obscuring your view of Daventry far below.	濃密如棉花的雲朵環繞著這片高處的陸地，遮住了你俯瞰遠方戴凡確王國的視線。
The colossal, weirdly-shaped trees loom far overhead.	巨大而形狀怪異的樹木高高聳立在你頭頂上方。
The land trails off into the thick clouds here; though they look almost solid, you'd best be careful where you walk.	這裡的陸地漸漸沒入濃密的雲層之中；雲朵看起來幾乎堅實，但你最好還是走路小心。
These gigantic, weirdly-shaped trees tower over you.	這些形狀怪異的巨大樹木高聳在你頭頂上。
The clouds drift over the edge of the land here, making it impossible to see where the land ends!  Though the clouds look very thick, it would be unwise to venture too far out into them.	雲朵在這裡的陸地邊緣飄移，讓人根本看不出陸地在哪裡終止！雲朵雖然看起來很濃密，貿然深入其中並非明智之舉。
The immense, oddly-shaped trees loom over you.	巨大而形狀奇特的樹木聳立在你頭頂上方。
There is a small, dark hole in the base of this tree.	這棵樹的樹根處有一個小小的黑洞。
You can barely make out the cave opening to the north.	你幾乎看不清北方的洞穴入口。
The dense clouds start to flow over the land here.  Somewhere just out in those clouds the land comes to an end; better be careful where you walk!	濃密的雲層開始從這片陸地上流過，陸地就在雲層之外的某處終止；走路最好小心一點！
golden egg	金蛋
Up here in the tree, the main trunk is bent enough to allow you to walk carefully along its length. The leaves and branches hide the ground from view.	樹上這裡，主幹彎曲的程度剛好能讓你小心翼翼地沿著它行走。枝葉遮住了下方的地面，讓你看不見。
spider web	蜘蛛網
The walls of this cave are rough and craggy.	這座洞穴的牆壁粗糙嶙峋。
The ceiling is low and rough here.	這裡的天花板又低又粗糙。
The cave appears to open up into a larger chamber that reaches deep into the mountain.	這座洞穴似乎通向一個更大的洞室，深入山體內部。
overhead walkway	高架走道
There is a wooden walkway suspended from the cave's ceiling.	洞穴的天花板上懸吊著一條木製走道。
You can't see much of anything in the dark cave.	在這座漆黑的洞穴裡，你幾乎什麼都看不見。
The beanstalk must be ten feet around!  It's incredibly tall...so tall that it vanishes in the clouds far, far above you.  There are plenty of footholds among the vines and offshoots of the beanstalk's stem.	這根豆莖的周長少說也有十呎！高得不可思議……高到消失在你頭頂遙遠的雲層裡。豆莖主幹上的藤蔓與分枝間，有許多可以踩踏的立足點。
In the distance, and far above you, you can see heavy, dense clouds in streaks across the sky.  You think they're cumulus clouds, but it's been a long time since you went to Daventry High School.	在遠方，也在你頭頂高高之上，你看見濃密厚重的雲朵在天空中成條劃過。你覺得那應該是積雲，不過你上戴凡確高中已經是很久以前的事了。
You can see neither the top nor the bottom of the gigantic beanstalk you're clinging to.  The ropey green vines easily hold your weight, and the massive main stem winds gently upward.	你攀附著的這根巨大豆莖，上看不到頂、下看不到底。粗如繩索的綠色藤蔓輕鬆撐住你的體重，龐大的主幹緩緩向上蜿蜒。
There are clouds all around you.  You can see neither the land below you nor the top of the beanstalk above you.  In fact, there's little to see up here but clouds and the occasional bird.	你四周全是雲朵。你既看不見下方的陸地，也看不見上方豆莖的頂端。事實上，這裡除了雲朵和偶爾飛過的鳥，幾乎沒什麼可看的。
At long last, you see the tip of the beanstalk, thinning and curling as it emerges from the cloud layer below.	終於，你看見豆莖的頂端，它從下方的雲層中冒出，逐漸變細並捲曲。
What a beautiful sight!  The clouds stretch out in every direction beyond you; near the beanstalk, they even seem thick enough to stand on!	好一幅美麗的景象！雲朵向你四周的每個方向延展開來；靠近豆莖的地方，雲朵看起來甚至厚實得可以站上去！
You can see a circle of light on the floor of the cave, shining down from the hole above.	你看見洞穴地面上有一圈光，從上方的洞口灑落下來。
A shaft of sunlight from above pierces the gloom of the cave.	一道陽光從上方射入，穿透了洞穴的幽暗。
To the north, you can still see the light shining through the hole in the ceiling.	往北望去，你仍能看見光線從天花板的洞口照射進來。
rat gut	老鼠的內臟
rat's eyes	老鼠的眼睛
Rats!  This was one shady character you shouldn't have tangled with.	可惡的老鼠！你就不該跟這個鬼祟的傢伙糾纏上。
getHim!	getHim!
The huge wooden columns help support the cave ceiling.	巨大的木柱撐住了洞穴的天花板。
The light shines through a small hole.	光線透過一個小洞照射進來。
woodcutter's wife	樵夫的妻子
There is a rickety old cupboard on the wall.	牆上有一個搖搖欲墜的老舊櫥櫃。
There is a small, threadbare carpet on the floor.	地板上鋪著一張破舊的小地毯。
The old nightstand is nothing more than a small plain table at the foot of the bed.	這張老舊床頭櫃，其實只是床腳邊一張樸素的小桌子。
A sturdy stone bridge has been built here to span the moat.	這裡建有一座堅固的石橋，橫跨護城河。
The forest is slowly encroaching on the castle grounds; there are tall, ancient trees everywhere you look.	森林正逐漸侵蝕城堡的領地；放眼望去到處都是高聳的古樹。
Turn on	開啟
Turn off	關閉
Use the mouse or right and left arrow keys to set the sound volume.	使用滑鼠或左右方向鍵調整音量。
Sound Volume	音量
Louder	較大聲
Softer	較小聲
The witch has turned you into a gingerbread man.  Or is that a Graham cracker?	巫婆把你變成了薑餅人。還是說，那其實是格拉漢餅乾？
Dialog	對話框
Controls	操作設定
The moat monsters appreciate your good taste.	護城河裡的怪物很欣賞你的好品味。
moat monster	護城河怪物
monster's tail	怪物的尾巴
The raging current pulls you under, never to be found.	洶湧的水流把你捲入水底，從此再也找不到你。
Looks like you had a bad fall this spring.	看來你這個春天摔得可真慘。
The mushroom wore off and you enlarged.  But you can't squeeze a five-foot Knight into a 6-inch hole!	蘑菇的效力消退，你變回原本的大小了。但你沒辦法把一位五呎高的騎士塞進一個六吋寬的洞裡！
You were warned ogre and ogre again...	你已經被鬼怪一次又一次警告過了……
Feature	功能
Wander	遊蕩
Follow	跟隨
Chase	追逐
Timer	計時器
Grooper	Grooper
Grycler	Grycler
Window	視窗
Avoid	迴避
Cancel	取消
Gauge	量表
Extra	額外
  Save  	  儲存  
Replace	取代
Select the game that you would like to restore.	請選擇您想要讀取的存檔。
Type the description of this saved game.	請輸入這個存檔的說明文字。
This directory/disk can hold no more saved games. You must replace one of your saved games or use Change Directory to save on a different directory/disk.	這個目錄／磁碟已經無法再存放更多存檔了。你必須取代其中一個存檔，或使用「變更目錄」改存到別的目錄／磁碟。
Restore a Game	讀取進度
Save a Game	儲存進度
with:	為：
Cycle	循環
Motion	移動
controls	控制
Locale	地區
Change Directory	變更目錄
You are carrying:	你身上帶著：
You are carrying nothing!	你身上什麼也沒帶！
Enter input	輸入內容
This game is paused.	遊戲已暫停。
Let's continue.	讓我們繼續吧。
Speed (1 - 16)?	速度（1～16）？
 Stand	 站立
Actor	角色
Collect	收集
Script	腳本
Event	事件
?	?
chest	金盒子
carrot	胡蘿蔔
key	鑰匙
note	紙條
magic ring	魔戒
fourleaf clover	幸運草
ceramic bowl	陶碗
full bowl	裝滿的碗
water bucket	水桶
full bucket	裝滿的水桶
pebbles	鵝卵石
leather slingshot	皮製投石器
pouch of diamonds	鑽石皮袋
pouch	皮袋
cheese	乳酪
magic mirror	魔鏡
shield	靈盾
fiddle	小提琴
walnut	胡桃
mushroom	蘑菇
beans	魔豆
water	水
You splash around in the water for a while but seem  to have forgotten how to swim. Unfortunately, you drown.	你在水裡撲騰了一會兒，卻好像忘記了怎麼游泳。很不幸，你淹死了。
Where do you think it could be?	你覺得它會在哪裡呢？
KQ1	KQ1
You feel a stretching sensation... Oh, you're back to your original size.	你感覺到一陣伸展感……哦，你恢復原本的大小了。
You're too busy right now to rub the ring.	你現在正忙著別的事，沒空摩擦戒指。
There is no reason to do that now.	現在沒有理由這麼做。
As soon as you swallow the first bite, you have this strange shrinking feeling...  It's true!  You are now no bigger than a mouse!	你才吞下第一口，就感覺到一股奇怪的收縮感……真的沒錯！你現在變得比老鼠還小！
You need to be closer to the water if you want to swim.	你得靠近水邊一點，才能游泳。
VERSION 2.0F	VERSION 2.0F
The goat quickly eats the carrot and disappears.	山羊很快吃掉胡蘿蔔，接著就消失了。
Now is not a good time to try and eat the mushroom.	現在不是吃蘑菇的好時機。
You do not have a bowl.	你身上沒有碗。
It is not nice to tease the goat.	捉弄山羊可不太好。
You are not carrying it.	你身上沒有帶著它。
There is no reason to drop it.	沒有理由把它丟掉。
You need to be in water to swim.	你得先進到水裡才能游泳。
>	>
You do not have any stew.	你身上沒有燉肉。
The stew is chock full of vegetables and meat.	這碗燉肉裡滿滿都是蔬菜和肉。
You already have a full bowl of stew.	你已經有一碗裝滿的燉肉了。
The bowl fills with the delicious stew, but the woodcutters are unaware of it.	碗裡裝滿了美味的燉肉，但樵夫夫婦渾然不覺。
After uttering that strange word, the bowl starts quivering and immediately fills up with a delicious, hot stew.	你說出那個奇怪的字後，碗開始顫動，隨即裝滿了熱騰騰、美味的燉肉。
It is very inconsiderate to eat in front of these poor, starving people.  The pains of guilt set in on you.	在這些可憐挨餓的人面前吃東西，實在太不體貼了。一股愧疚感湧上心頭。
OK.	好的。
You're welcome!	不客氣！
There is no reason to throw the dagger.	沒有理由丟出短刀。
You don't want the dagger anymore.	你不再需要這把短刀了。
You hurl the dagger at the old goat... he tries to avoid the flying dagger, but your aim is true... as the dagger strikes, he slumps to the ground... dead.	你把短刀朝老山羊擲去……牠試圖閃避飛來的短刀，但你瞄得很準……短刀擊中的瞬間，牠癱倒在地……死了。
You don't have any way to kill the old goat.	你沒有辦法殺死這隻老山羊。
You've already killed the goat.	你已經殺死那隻山羊了。
The note reads, "Sometimes it is wise to think backwards."	紙條上寫著：「有時候，反過來想才是明智之舉。」
The word on the bottom of the bowl says "fill".	碗底寫著一個字：「裝滿」。
Even a small portion of the stew is very appetizing.	就算只有一小份燉肉，也令人食指大動。
You have already opened the pouch.	你已經打開過皮袋了。
You're going to be sorry!!  These were magic beans!	你會後悔的！！這些可是魔豆啊！
You slip the beautiful ring on one of your fingers.	你把這只美麗的戒指戴上手指。
I don't know why, but you drop the magic ring.	不知道為什麼，你把魔戒弄掉了。
When the ring disappears, you reappear!	戒指消失的瞬間，你重新現形了！
When you rub the magic ring, you mysteriously disappear, except for your footprints.	你摩擦魔戒的瞬間，神秘地消失了，只留下腳印。
You rub the magic ring but the goat seems to have a strange effect on it.	你摩擦魔戒，但山羊似乎對它產生了奇怪的影響。
With disappointment, you see that nothing happens.	你失望地發現，什麼事也沒發生。
The spell to make you invisible has expired and you are once again visible to dangerous creatures, but, the ring has now disappeared.	隱身魔法已經失效，你再次現形，可能被危險的生物看見；魔戒也已經消失無蹤。
You will have to find it before you can get it.	你得先找到它，才能拿到手。
You do not have it.	你身上沒有它。
_	_
You are not wearing the ring.	你並沒有戴著戒指。
There is no need to rub the ring as you are already invisible.	你已經是隱形狀態了，沒有必要再摩擦戒指。
Info	資訊
About KQ	關於 KQ
Save Game      <F5>	儲存進度        <F5>
Restore Game   <F7>	讀取進度        <F7>
-------------------	-------------------
Restart Game   <F9>	重新開始        <F9>
Pause             <Esc>	暫停              <Esc>
Quit        <Alt Z>	離開           <Alt Z>
Game	遊戲
Inventory     <Tab>	物品欄        <Tab>
See Object     <F4>	檢視物品       <F4>
Sound On/Off       <F2>	音效開關           <F2>
Swim  =	游泳  =
Special	特殊
Graphics Mode  <Ctrl R>	顯示模式 <Ctrl R>
Reset Joystick <Ctrl J>	重置搖桿 <Ctrl J>
Fast  	快速  
Slow  	慢速  
King's Quest was designed by Roberta Williams.	《國王密令》由Roberta Williams（Roberta Williams）設計。
Jump  0	跳躍  0
Duck  -	蹲下  -
Joystick/Mouse <Ctrl J>	搖桿／滑鼠 <Ctrl J>
Misfortune strikes and you have fallen into the moat. Your struggles and cries have attracted hungry alligators.  They do not want to let you go.	厄運降臨，你掉進了護城河。你的掙扎和呼救聲引來了饑餓的鱷魚，牠們不打算放你走。
King Edward's banners are waving in the strong breeze.	愛德華國王的旗幟在強風中飄揚。
This is the castle of King Edward the Benevolent.	這裡是仁慈的愛德華國王的城堡。
It looks deep and dangerous.  You can see alligators  floating in the water.	這裡看起來又深又危險，你能看見鱷魚在水中漂浮。
The water in the moat is not conducive to swimming.	護城河裡的水不適合游泳。
They are absolutely gorgeous!	它們美極了！
It is a very small,  wooden barrel bridge.	這是一座非常小的木桶橋。
The alligators are swimming in the moat.	鱷魚正在護城河裡游動。
There are alligators in this water.  I don't think you want to try drinking it.	這片水裡有鱷魚，我想你應該不會想喝這裡的水。
There is water nearby.	附近有水。
King Edward does not allow anyone to take his flowers.	愛德華國王不准任何人摘他的花。
The moats slippery sides prevent you from getting out.	護城河濕滑的河岸讓你爬不出去。
You are standing outside a castle surrounded by an alligator filled moat.	你站在一座城堡外，城堡周圍環繞著滿是鱷魚的護城河。
High above the castle, the flags are waving in the wind.	城堡高處，旗幟正在風中飄揚。
You must enter the castle through the door, and the  door is closed.	你得從門進入城堡，但這扇門是關著的。
You never know what might be in there!	你永遠不知道裡面會有什麼！
It is a rather small, wooden bridge.	這是一座相當小的木橋。
These alligators have protected the castle from many a trespasser.	這些鱷魚已經擋下了不少入侵者，保護了這座城堡。
They pose as immovable guards for King Edward's castle, and have frightened off numerous intruders.	牠們就像愛德華國王城堡不動如山的守衛，已經嚇跑了無數入侵者。
These doors are strongly built to keep out unwanted visitors.	這扇門建得十分堅固，用來擋住不速之客。
You can't see them from here.	你在這裡看不到它們。
As you kneel by the edge of the moat and see just how filthy the water is, your thirst strangely leaves you.	你跪在護城河邊，看清這水有多骯髒後，奇怪地不渴了。
Although you notice the water is unclean, you fill the bucket.	雖然你注意到水並不乾淨，你還是把水桶裝滿了。
You are not close enough to any water.	你離任何水源都不夠近。
You have no container for water.	你沒有可以裝水的容器。
You have been to the castle once and you may not return until your quest is complete.	你已經去過一次城堡，在完成任務之前不能再回去。
You have been to the castle once since your quest and  are not allowed to return again.	自從展開任務後，你已經去過一次城堡，不准再回去了。
Since the goat is with you, permission to enter the  castle is denied.	由於山羊跟著你，你不准進入城堡。
The huge doors swing open slowly.	巨大的門緩緩敞開。
Your knock echos within the castle.  Unfortunately, no one answers.	你的敲門聲在城堡裡迴盪，可惜沒有人應門。
There are numerous white birch trees reaching to the sky.	許多白樺樹高聳入雲。
After moving that rock once, even thinking about it should make you tired.	你已經搬過那塊石頭一次了，光是想到要再搬就讓你累。
With a heave and a ho, you manage to move the rock... revealing a dark hole underneath it.	你使勁一推，總算把石頭搬開……底下露出一個黑漆漆的洞。
This moving rock rolls downhill and you, unfortunately,  are in the way.	這塊石頭滾下山坡，而你不巧擋在它的去路上。
It is a large rock with a hole next to it.	這是一塊大石頭，旁邊有個洞。
There is a rock in the distance.	遠處有一塊石頭。
You are too far from the hole to see in it.	你離那個洞太遠，看不清裡面。
You are in a forest clearing.  There is a large rock here.	你身處一片林間空地，這裡有一塊大石頭。
The clear water washes into the bucket.	清澈的湖水流進水桶裡。
The lake's water is very refreshing.	湖水清涼宜人。
These cattails are soft and fuzzy.	這些香蒲又軟又蓬鬆。
It seems the old goat has wandered off by himself and is no longer following you.	看來老山羊自己遊蕩走開了，不再跟著你了。
You drink of the clear lake water.	你喝了清澈的湖水。
These cattails are fuzzy and soft.	這些香蒲又蓬鬆又軟。
Inside the old, rotted stump you notice a small, canvas pouch.	在這個老舊腐朽的樹樁裡，你發現一個帆布做的小皮袋。
You notice the pouch feels aged and tattered.	你發現這個皮袋摸起來又舊又破。
You could get a much better look at it if it were in your  hands.	要是拿在手裡，你能看得更清楚。
From here you can see the stump is very old and nearly petrified.	從這裡你看得出這個樹樁十分古老，幾乎已經石化了。
You can vaguely see the stump in the distance.	你只能隱約看見遠方的那個樹樁。
It is only a rotted log.	那只是一段腐朽的木頭。
I suggest you move closer to try that.	我建議你走近一點再試試看。
You need to get closer to look at the log.	你得靠近一點才能看清那段木頭。
There is nothing in the old log.	這段老舊的木頭裡什麼也沒有。
The beans immediately sprout roots that reach deep into the fertile soil... leaves unfold themselves to the warm, loving sun... a rumbling is felt... and a mighty beanstalk now stretches up into the sky!	魔豆立刻生根，深深扎進肥沃的土壤……葉片舒展，迎向溫暖和煦的陽光……接著感到一陣隆隆震動……一株雄偉的豆莖破土而出，直衝天際！
You can't reach the beanstalk from here.	你在這裡搆不到豆莖。
There is no beanstalk here to climb.	這裡沒有豆莖可以爬。
Ouch!	哎呦！
You are in the forest.  You can see a stump and a hollow log here.	你身處森林之中。這裡可以看見一個樹樁和一段中空的木頭。
The lake's waters pour into the bucket.	湖水注入水桶裡。
The clear water quenches your thirst.	清澈的湖水解了你的渴。
You are not close enough to the lake.	你離湖水不夠近。
You might try that at the lake.	你或許可以到湖邊試試看。
There is a small waterfall splashing nearby.	附近有一道小瀑布飛濺著水花。
The swift water pulls you down to your untimely demise.	湍急的水流把你捲入水中，你就此枉送性命。
A rapidly flowing stream is pouring into this lake.	一道湍急的溪流注入這座湖泊。
The bucket is soon filled with clear water.	水桶很快就裝滿了清澈的水。
The water is clear and refreshing.	湖水清澈又清涼。
A rapidly moving stream is flowing out of this lake.	一道湍急的溪流從這座湖泊流出。
"Gentle Sir Graham, I am your fairy godmother.  Your quest is indeed noble.  My small part to aid you can be no bigger than this magic spell, protective but for a little while."	溫柔的格拉漢爵士，我是你的教母。你的冒險確實高尚。我能為你盡的一份心力，就只是這道守護魔法，而且效力不會維持太久。
"I will be watching over you, Sir Graham."	我會看顧著你的，格拉漢爵士。
There is no reason to jump or duck here.	這裡沒有理由跳躍或蹲下。
The goat is wandering this way and that.	山羊正東晃西晃地遊蕩。
It is rather high.  Probably the only way to get in is through the gate.	這裡相當高，要進去大概只能走那道閘門。
You can't carry a goat very far.	你沒辦法把山羊扛得太遠。
That is not something the old goat wants to eat.	那不是老山羊想吃的東西。
You do not have the carrot.	你身上沒有胡蘿蔔。
From here it will be difficult to do such a terrible  thing.	從這裡很難做出這麼可怕的事。
You have no way to accomplish such a terrible deed.	你沒有辦法完成這麼可怕的行為。
The goat is following you.	山羊正跟著你。
The goat will not let you catch him.	山羊不讓你抓到牠。
There is no gate right here.	這裡沒有閘門。
There should be a gate around here somewhere.	這附近應該有一道閘門。
The old goat refuses to listen to you.	老山羊不肯聽你的話。
The goat refuses to listen to your words.	山羊不肯聽你說的話。
Lying lifeless on the ground you see a useless dead  goat.	你看見地上躺著一隻已死、毫無用處的山羊。
You do not want to carry around a dead goat.	你不想扛著一隻死山羊到處走。
You get no response from the goat.	山羊沒有任何反應。
You see a grey billy goat inside the pen.	你看見圍欄裡有一隻灰色的公山羊。
This looks like an area in which to keep animals.	這裡看起來像是關養動物的地方。
It's not nice to tease the goat.  You're not leaving without him.	捉弄山羊可不太好，沒有牠，你是不會離開的。
The gate is rather heavy, but you manage to open it.	閘門相當沉重，但你還是設法把它打開了。
You find the gate is much easier to close than it was to open.	你發現關上閘門比打開它容易多了。
You cannot reach the gate from here.	你在這裡搆不到閘門。
The gate is closed.	閘門是關著的。
The gate is open.	閘門是開著的。
The goat is pacing to and fro.	山羊來回踱著步。
It is high enough to keep animals inside.	這道欄杆高得足以把動物關在裡面。
It would be rather difficult to carry this goat.	要扛著這隻山羊會相當困難。
The old goat is already following you.	老山羊已經在跟著你了。
You have nothing the old goat wants to eat.	你身上沒有老山羊想吃的東西。
Goats love carrots!  The goat quickly devours yours.	山羊最愛胡蘿蔔了！山羊很快就把你的胡蘿蔔吃光了。
From here it will be very difficult to do such a  terrible thing.	從這裡要做出這麼可怕的事非常困難。
You have no way to accomplish this terrible deed.	你沒有辦法完成這件可怕的行為。
The old goat's on the other side of the fence!	老山羊在欄杆的另一邊！
The goat is following you already.	山羊已經跟著你了。
Why would you want to do that?  There is a gate.	你為什麼要這麼做？這裡明明有一道閘門。
Lying lifeless on the ground you see a dead goat.	你看見地上躺著一隻死去的山羊。
The goat shows some interest in the carrot.	山羊對胡蘿蔔顯得有些興趣。
It seems the old goat has wandered off.	看來老山羊已經遊蕩走開了。
You will have to move out of the way so the gate can close all the way.	你得先讓開，閘門才能完全關上。
There is no need to close the gate now.	現在沒有必要關上閘門。
The rope is securely fastened to the well.	繩索牢牢地繫在井上。
You cut a piece of rope and it falls into the well.	你割下一段繩索，繩子掉進了井裡。
With the rope cut, you are able to take the bucket.	繩索割斷後，你就能拿走水桶了。
The bucket and rope are now at the bottom of the well.	水桶和繩索現在都在井底了。
You are not close enough to even try.	你離得不夠近，連試都不能試。
You will need longer arms to cut that rope from here.	你得有更長的手臂，才能從這裡割斷那條繩索。
The bucket is already gone.	水桶已經不見了。
The well is deep and dark. But you can see the sky's reflection on the water.	這口井又深又暗，不過你能看見水面上倒映著天空。
It is large, old and weathered.  It has served the kingdom for many years.	它又大又老，飽經風霜，已為王國服務多年。
The old bucket holds a full load of water.	這個舊水桶裝滿了滿滿的水。
It is thick and firmly attached.  It could easily carry heavy weights.	它又粗又牢固，輕輕鬆鬆就能承受重物。
This well is one of the most ancient sites in the entire kingdom.  History and mystery seem to echo from its  every stone.	這口井是整個王國裡最古老的地點之一，每一塊石頭似乎都迴盪著歷史與神秘的氣息。
From this distance it is difficult to see.	隔著這段距離很難看清楚。
The old bucket is already at the bottom of the well.	舊水桶已經在井底了。
The bucket is already at the top of the well.	這個舊水桶已經在井口了。
The old bucket emerges from the depths of the well.	舊水桶從井底深處浮現上來。
The rope has already been lowered.	繩索已經放下去了。
The rope descends into the darkness.	繩索垂降進入黑暗之中。
The old bucket vanishes into the depths of the well.	舊水桶消失在井底深處。
The rope emerges from the well.	繩索從井裡浮現出來。
You can't raise the rope from here!	你沒辦法從這裡把繩索拉起來！
The old bucket is lifted from the well.	舊水桶被從井裡吊了起來。
You are not close enough to do that.	你離得不夠近，沒辦法這麼做。
The rope does not go down the well very far.	繩索沒有垂進井裡多遠。
What a mistake you made!  This well is too deep to jump into.	你可犯了個大錯！這口井深得跳不下去。
The goat sure doesn't want to climb the rope.	山羊當然不想爬繩索。
The goat sure doesn`t want to climb down the well with you.	山羊當然不想跟你一起爬下井去。
The goat refuses to do down the well.	山羊不肯下到井裡去。
The goat refuses to enter the dark well.	山羊不肯進入那口黑暗的井。
The goat refuses to go down into the dark well.	山羊不肯下到那口黑暗的井裡去。
The goat doesn`t want to slide down the rope.	山羊不想沿著繩索滑下去。
The goat is afraid of heights and refuses to jump down the well.	山羊有懼高症，不肯跳下井去。
Carefully... Oh no!  The sides were too slippery... you've fallen into the well!	小心翼翼……噢不！井壁太滑了……你掉進井裡了！
Somebody has cut the rope;  there's no way for you to get the bucket to the well's bottom.	有人把繩索割斷了，你沒辦法把水桶弄到井底去。
Sorry, all the water is at the bottom of the well.	抱歉，所有的水都在井底。
The long piece of rope falls to the bottom of the well.	那條長繩落到了井底。
There is no useful rope left to cut.	已經沒有可用的繩索可以割了。
There is no useful rope to get.	沒有可用的繩索可以拿。
You should be more careful the next time you try  climbing ropes.	下次爬繩索時你應該更小心一點。
There is not enough rope left to lower.	剩下的繩索不夠放下去了。
Look out for that wolf -- he can run very fast!   Don't let him catch you!	小心那隻狼——牠跑得非常快！別讓牠追上你！
You are very fortunate that your protective spell is still working.	算你走運，你的守護魔法還在發揮作用。
Fortunately, you are invisible and the wolf can't see you.	幸好你是隱形的，狼看不見你。
The wolf sees that menacing goat by your side and decides to keep his distance.	狼看見你身旁那隻兇猛的山羊，便決定保持距離。
You, fortunately, have the magic shield which will protect you.	幸好你有靈盾保護著你。
Yes, it's a wolf and it's very fast.  Now do something!	沒錯，是一隻狼，而且跑得非常快，快做點什麼！
You don't have time to do that right now!	你現在沒時間做那件事！
It seems the wolf caught up with you and is discussing dinner arrangements.	看來狼追上你了，正在盤算晚餐的安排。
Are you crazy?	你瘋了嗎？
There's no wolf here.	這裡沒有狼。
Now that the goat is gone, you'll have to take care of yourself!	山羊已經不在了，你得自己保護自己了！
The wolf is in no mood for conversion.	狼沒心情跟你聊天。
This is a very pretty maple tree.	這是一棵非常漂亮的楓樹。
This is a very large oak tree with branches stretching to the sky.	這是一棵非常高大的橡樹，枝椏伸向天際。
You can't climb a tree here!	你在這裡沒辦法爬樹！
This tree is too hard to climb.	這棵樹太難爬了。
OK	好
There is a very large oak tree here with branches stretching to the sky.	這裡有一棵非常高大的橡樹，枝椏向天空伸展。
This is a relatively low, rustic stone fence which runs along the left and rear sides of the garden.	這是一道相對低矮、質樸的石牆，沿著花園的左側和後側延伸。
There is no reason to climb the fence.	沒有理由要爬這道圍籬。
You can go around the fence.	你可以繞過這道圍籬。
You do not have a carrot to eat.	你身上沒有胡蘿蔔可以吃。
You see an old stone wall surrounding a well kept garden.	你看見一道古老的石牆，圍繞著一座整理得很好的花園。
This is a neat little carrot patch.  The plump carrots  look tempting.	這是一小片整齊的胡蘿蔔園，飽滿的胡蘿蔔看起來十分誘人。
It is a relatively low, native stone and masonry fence to the right and rear of a garden.	這是一道相對低矮的天然石砌圍籬，位於花園的右側和後側。
You pluck a delicious looking carrot from the fertile soil.	你從肥沃的土壤裡拔起一根看起來美味的胡蘿蔔。
They are buried in the ground.  You must get closer to see them.	它們埋在地底下，你得靠近一點才能看清楚。
You cannot do that from here.	你在這裡沒辦法這麼做。
You carefully fill the bucket with water.	你小心翼翼地把水桶裝滿了水。
This is a clear mountain lake with some steep cliffs surrounding it.	這是一座清澈的山中湖泊，四周環繞著陡峭的懸崖。
Wandering on the banks of the lake, you see a cute little elf.	你在湖畔漫步，看見一個可愛的小精靈。
The cold water gushes into the old bucket.	冰冷的水湧進了那個舊水桶。
There is nothing to compare with that refreshing taste.	沒有什麼比得上那沁涼的滋味。
There is a very pretty lake nearby with a small little elf running along its shore.	附近有一座非常美麗的湖泊，一個嬌小的小精靈正沿著湖岸奔跑。
This is a small elf.  He looks very friendly.	這是一個嬌小的小精靈，看起來十分友善。
There's no elf here.	這裡沒有小精靈。
The elf, impressed by your friendliness, gives you a magic ring.  "Kind person, know that once, only once, this ring will make you invisible," he says and then disappears.	小精靈被你的友善打動，送你一枚魔戒。他說：「善良的人啊，記住，這枚戒指只能讓你隱形一次，僅僅一次。」說完便消失無蹤。
The elf has left since you were not very cordial to him.	由於你對他不夠親切，小精靈已經離開了。
There is a clear mountain lake and some trees here.	這裡有一座清澈的山中湖泊和幾棵樹。
It is a huge wooden door built right into the bottom of a small mountain!  It has a large keyhole.	這是一扇巨大的木門，直接嵌建在一座小山的山腳下！門上有一個大鎖孔。
You can't fool me!  You don't have a key.	你騙不了我！你身上沒有鑰匙。
The door is already unlocked.	這扇門已經解鎖了。
Using the gold key, you unlock the huge door.	你用金鑰匙打開了這扇巨大的門。
The door is already locked.	這扇門已經鎖上了。
You lock the massive door with the heavy gold key.	你用那把沉重的金鑰匙把這扇巨大的門鎖上了。
You need a key to do that.	你需要一把鑰匙才能這麼做。
You strike the door with all your might!  To no avail.	你使盡全力猛擊這扇門！卻毫無用處。
There aren't many keyholes in the ground here.	這裡的地上沒有幾個鎖孔。
There seems to be a door built into the mountainside.	山腰上似乎有一扇門。
There is no need to unlock an already open door.	門已經開著了，沒有必要解鎖。
You need to close the door before you can lock it.	你得先把門關上，才能把它鎖上。
The door is already open.	這扇門已經開著了。
You fill up your bucket with sparkling water.	你把水桶裝滿了晶瑩的水。
This is a small alpine lake.	這是一座小小的高山湖泊。
It's a witch swooping through the sky... She's trying to catch you!  Look out!	是一個巫婆從天而降……她想抓住你！小心！
There is a witch in the area, but since you have that menacing goat with you, she will keep her distance.	這一帶有巫婆出沒，但因為你帶著那隻凶猛的山羊，她會保持距離。
There is a witch in the area, but with the shield no harm will come to you.	這一帶有巫婆出沒，但有了靈盾，你不會受到任何傷害。
Jumping here would put you in even greater danger from that witch!	在這裡跳躍會讓你陷入那個巫婆帶來的更大危險之中！
Your protection is gone and you best look out for the witch!	你的防護已經消失了，最好小心那個巫婆！
With the goat now dead, you are fair game for the witch.	山羊已經死了，你現在成了巫婆眼中的獵物。
There's no witch here.	這裡沒有巫婆。
There is no way to kill a flying witch!	沒有辦法殺死一個會飛的巫婆！
The witch swoops down, grabs you by the neck, and carries you off to a fate worse than death.	巫婆俯衝而下，一把抓住你的脖子，把你帶去承受比死更慘的下場。
The witch missed you, this time.	這一次，巫婆沒抓到你。
The witch can feel your protective spell and bids a hasty retreat.	巫婆感應到你身上的守護魔法，匆忙撤退了。
Lucky for you that you are invisible, the witch can't find you.	幸好你是隱形的，巫婆找不到你。
There is no way you can now.	你現在沒辦法這麼做。
There is no reason to jump now.	現在沒有理由要跳。
Oh NO!!  She's back!!!	喔不！！她回來了！！！
High up in the sky you see a very large, friendly bird.	你看見天空高處有一隻非常巨大、友善的鳥。
This is a big condor.  Its graceful flight appears effortless.	這是一隻大兀鷲，牠的飛行姿態優雅、毫不費力。
There is no bird.	這裡沒有鳥。
The bird is too high to kill.  Besides, it looks like a nice bird.	這隻鳥飛得太高了，殺不到。再說，牠看起來是隻善良的鳥。
You would hit your head on the top of the cave if you jumped now!	你要是現在跳起來，會撞到洞穴頂部！
High up in the sky you see a very large, friendly bird, but it is afraid to come near you because of the goat.	你看見天空高處有一隻非常巨大、友善的鳥，但因為那隻山羊，牠不敢靠近你。
Where could this giant bird be taking you?	這隻巨鳥會把你帶到哪裡去呢？
This bird doesn't talk much.	這隻鳥不太愛說話。
The clear mountain water pours into the bucket.	清澈的山泉水注入了水桶。
Ahhh!  That water sure hit the spot!	啊～那口水喝得真是暢快！
You see the mountains and trees reflected in the mirror-like water.	你看見群山與樹木倒映在如鏡般的水面上。
These cattails look soft and fuzzy.	這些香蒲看起來又軟又毛茸茸的。
There is a small patch of clover under the tree.	樹下有一小片三葉草。
Off in the distance you see a patch of clover.	在遠處，你看見一片三葉草叢。
You already have the only four-leaf clover here.	你已經拿到這裡唯一的幸運草了。
The clover is soft, yet you sense a strange strength in it.	這株幸運草很柔軟，但你感覺到它裡頭蘊藏著一股奇異的力量。
You really don't want any of the three-leaf clovers.	你其實不會想要任何三葉草。
You had, and lost, the only four-leaf clover  around.  You really don't want a three-leaf clover.	你原本擁有這附近唯一的幸運草，卻弄丟了。你其實不會想要一株三葉草。
There is a clover patch in this meadow.	這片草地上有一片三葉草。
As you start to cross the bridge, a wretched troll appears.	你正要走上橋時，一個可惡的矮精靈出現了。
It is a well known fact that goats hate trolls intensely. You should move aside and let the goat take care of this nasty troll.	眾所皆知，山羊對矮精靈恨之入骨。你應該讓到一旁，讓山羊去對付這隻討厭的矮精靈。
This is the ugliest, meanest troll I have ever seen.	這是我見過最醜陋、最兇惡的矮精靈。
This troll is a real fighter.  Better not even try it.	這隻矮精靈很能打，你最好想都別想。
Fortunately for you, you have nothing to kill the  troll with.	算你幸運，你身上沒有能殺死矮精靈的東西。
The troll demands a treasure for passage across his bridge.	矮精靈要求你交出一件寶物，才准你通過他的橋。
You throw the dagger and the old -- but quick -- troll catches it.  Now what are your plans?	你擲出短刀，那隻上了年紀卻手腳俐落的矮精靈接住了它。你現在打算怎麼辦？
You push the troll as hard as you can but he doesn't budge an inch.	你使盡全力推那隻矮精靈，可惜他紋風不動。
The troll has a heart of stone.	這隻矮精靈鐵石心腸。
The troll appears to be upset about your attempt to cross his bridge.	矮精靈似乎對你試圖跨過他的橋感到不悅。
Trolls have bad hearing, so you will have to get closer.	矮精靈的聽力不好，你得再靠近一點。
You throw, and lose the dagger.	你擲了出去，短刀就這麼弄丟了。
There is no troll around here.	這附近沒有矮精靈。
What type of treasure would you like to give the old troll?	你想給這隻老矮精靈什麼樣的寶物？
You have no treasure to give the troll.	你沒有寶物可以給矮精靈。
You can't give it if you don't have it.	你沒有的東西，沒辦法給人。
The troll doesn't want just a plain walnut.	矮精靈才不要一顆普通的胡桃。
You are not close enough to the river.	你離河邊不夠近。
This is an old, rickety bridge.	這是一座老舊、搖搖欲墜的橋。
This placid looking stream is actually quite dangerous... the current is stronger than it looks.  You can't keep your head above water.	這條看似平靜的溪流其實相當危險……水流比看起來湍急得多。你的頭沒辦法一直露出水面。
The troll greedily grabs the treasure and disappears  under the bridge.	矮精靈貪婪地一把抓過寶物，消失在橋下。
The goat butts the troll right off the bridge, never to be seen in these parts again.	山羊一頭把矮精靈頂下橋，從此再也沒人在這一帶見過他。
You could never win a fight with a troll.	你不可能打贏矮精靈。
As you start to cross the bridge, a wretched troll appears.  Even though you are invisible, he will not let you cross his bridge.	你正要走上橋時，一個可惡的矮精靈出現了。即使你是隱形的，他也不會讓你跨過他的橋。
This placid looking stream is actually quite dangerous.... the current is stronger than it looks.  You can't keep your head above water.	這條看似平靜的溪流其實相當危險……水流比看起來湍急得多。你的頭沒辦法一直露出水面。
The bank is too steep to allow access to the river's edge.	河岸太陡了，沒辦法靠近河邊。
It is old and rotted.	它又老舊又腐朽。
There is an attractive meadow dotted with trees.	這裡有一片迷人的草地，點綴著幾棵樹。
It is just a hole in an empty, old stump.	那只是一個空心老樹樁上的洞。
What are you doing that for?  There's nothing here.	你這麼做是為了什麼？這裡什麼也沒有。
You must be getting nervous!  I see no witch here!	你一定是緊張過頭了！我在這裡沒看到什麼巫婆！
The windows are made from translucent, hardened sugar.  It's difficult to see through them.	這些窗戶是用半透明的硬糖做成的，很難透過它們看清楚。
The windows are hard to break.	這些窗戶很難打破。
This is the sweetest little gingerbread house you ever saw.  The walls are cake, the roof is frosting, the chimney looks delicious, and the candy path and cookie fence are unbearably tempting!	這是你見過最甜美的小薑餅屋。牆壁是蛋糕做的，屋頂是糖霜，煙囪看起來也是美味可口，糖果小徑和餅乾圍籬更是誘人得讓人受不了！
The house looks tempting, but you need to get closer.	這間房子看起來很誘人，但你得靠近一點。
The goat is suspicious of this witch's house and  refuses to go in.	山羊對這間巫婆的房子起了疑心，不肯進去。
The door is made from graham crackers held together  with chocolate drop nails.	這扇門是用全麥餅乾做的，用巧克力豆當釘子固定住。
The path is around the corner.	小徑在轉角那邊。
Be careful!  Nearby is a sorcerer.  His mystical powers can leave you immobilized and helpless!	小心！附近有個巫師。他的神秘力量能讓你動彈不得、無力反抗！
The magic shield will protect you from this dangerous  sorcerer.	靈盾能保護你免受這個危險巫師的傷害。
You're so afraid of the sorcerer that your knees are locked.	你太害怕這個巫師了，雙腳都僵住動不了。
This sorcerer exudes mystery and danger.	這個巫師散發著神秘又危險的氣息。
There's no sorcerer here.	這裡沒有巫師。
The sorcerer casts a spell, freezing you to the spot. I hope no dangerous creatures drop by!	巫師施了一道法術，把你定在原地動彈不得。希望別有什麼危險的生物剛好經過！
The sorcerer's spell has expired; now you can move  again.  Whew!	巫師的法術已經失效了，你現在又能動了。呼！
You are immobilized!  You can't jump or duck now!	你被定住了！現在沒辦法跳躍或蹲下！
OK.  But you just lost your dagger.	好吧。不過你剛剛弄丟了短刀。
The sorcerer only speaks in the language of the Mystics.	這個巫師只說神秘族的語言。
This sorcerer's magic is no match for your fairy godmother's.	這個巫師的法力比不上你教母的法力。
The sorcerer sees the goat and decides to leave.	巫師看見那隻山羊，決定離開。
Being invisible has protected you from this sorcerer.	隱形保護了你，讓這個巫師傷不到你。
These are some of the finest walnuts you have ever seen.	這些是你見過最上等的胡桃。
You look around and decide these plain walnuts won't do. You want a gold walnut!	你環顧四周，覺得這些普通的胡桃不合用。你要的是金胡桃！
You pluck a nice walnut from the tree.	你從樹上摘下一顆漂亮的胡桃。
They are very small and hard to see from here.	它們很小，從這裡很難看清楚。
The walnuts are over by the walnut tree.	胡桃就在那棵胡桃樹旁邊。
This is a very colorful ceramic bowl.	這是一個色彩繽紛的陶碗。
You pick up the ceramic bowl.	你撿起了那個陶碗。
It looks like an interesting, colorful bowl.	這看起來是個有趣又色彩繽紛的碗。
That is impossible from here.	在這裡辦不到那件事。
There may have been a bowl here at one time, but it is not here now!	這裡曾經有過一個碗，但現在已經不在了！
Oh No!  That's such a dangerous river... the current is too strong... you won't be able to escape!	糟了！這是條危險的河流……水流太強……你逃不掉的！
The bank is dangerously steep;  there are safer ways to  reach water.	河岸陡峭危險；還有更安全的方法可以取水。
This is a Raging River filled with boulders and rapids.	這是怒河，河中滿是巨石與急流。
You carefully fill the bucket at the river's edge.	你小心翼翼地在河邊把水桶裝滿。
You drink deeply of the cold river water.	你大口暢飲冰冷的河水。
You are not close enough to the Raging River.	你離怒河不夠近。
Your swimming attempt proved fatal!  The raging current drags you under....	你這次游泳嘗試要了你的命！洶湧的水流把你拖入水底……
The river is dangerous and powerful.  There is a delta of pebbles on its edge.	這條河既危險又湍急，岸邊有一片鵝卵石灘。
As you fill the bucket, the river almost rips it from your grasp.	你裝水時，河水幾乎把水桶從你手中扯走。
The pebbles are round and smooth.	這些鵝卵石又圓又光滑。
You must venture closer to the river.	你得再靠近河流一些。
The only pebbles worth getting are already gone.	值得撿的鵝卵石都已經被拿走了。
From here it looks like an ordinary delta of pebbles.	從這裡看，這只是一片普通的鵝卵石灘。
Your swimming attempt proved fatal!  The raging current drags you under... you are lost....	你這次游泳嘗試要了你的命！洶湧的水流把你拖入水底……你就此消逝……
There are many smooth pebbles next to the river.	河邊有許多光滑圓潤的鵝卵石。
There is a small dwarf close by.  It would be a good idea to be careful.	附近有個小矮人，你最好小心一點。
That little dwarf caught you by surprise.  Is your treasure still OK?	那個小矮人偷襲了你一下，你的寶物還在嗎？
The quick, little dwarf came by to see what you had -- nothing interested him.	動作靈巧的小矮人湊過來看看你身上有什麼——結果什麼都沒引起他的興趣。
Dwarfs are quick, little guys who will try to take your treasure.	矮人們動作靈巧、身形嬌小，總想搶走你的寶物。
He's too quick for you to catch.	他的動作太快，你根本抓不到。
No time to talk to him.  He's in too much of a hurry!	沒時間跟他說話，他趕著要走呢！
The dwarf sees the goat and decides to leave.	矮人看見山羊，決定離開。
Being invisible has protected you from the dwarf.	隱形保護了你和你的寶物，沒讓矮人得逞。
When looking in this small hole, you see a faint green glow.	你往這個小洞裡望去，看見一絲微弱的綠光。
Very cautiously, you reach into the hole, and to your dismay, find nothing.	你小心翼翼地把手伸進洞裡，卻讓你失望的是，裡頭什麼也沒有。
From here it looks like a typical, large rock.	從這裡看，這只是一塊普通的大石頭。
There are several pretty trees in the area and a few rocks.  One rock has a small hole in its base.	這一帶有幾棵漂亮的樹木和幾塊岩石，其中一塊岩石的底部有個小洞。
You feel a stretching sensation... Oh, you're back to your original size.  You can't get out of the small  cave!	你感覺到一陣拉伸感……啊，你恢復原本的大小了。你沒辦法從這個小洞穴裡出去！
One rock has a small hole in its base.	有塊岩石的底部有個小洞。
You notice a hole in the base of a large moss covered rock.	你注意到一塊布滿青苔的大岩石底部有個洞。
The bucket fills with the somewhat swampy water.	水桶裝滿了帶點沼澤氣息的水。
In your thirst, even swamp water is satisfying.	你渴得厲害，就連沼澤水喝起來都很滿足。
This lake looks refreshing, but a little swampy.	這座湖看起來清涼宜人，但帶點沼澤氣息。
This is a very interesting tree, growing in the middle of the lake.	這棵樹長在湖中央，十分有意思。
What a pretty bed of wild flowers.	好一片美麗的野花花圃。
It would be a shame to pick the lovely wild flowers.	摘下這些可愛的野花實在太可惜了。
As you approach the bridge, a mean, ugly troll appears and refuses to let you cross his bridge.	你走近橋邊，一隻凶惡醜陋的矮精靈突然出現，不准你踏上他的橋。
Caution and steep banks advise against getting water here.	河岸陡峭危險，最好別在這裡取水。
You are too far from the river.	你離河流太遠了。
The wooden bridge is old and weather beaten.	這座木橋又老又飽經風霜。
The stream may not be safe to cross.	這條溪流可能不太安全，不宜涉水而過。
Do you really think you can do that?	你真的以為自己做得到嗎？
Fortunately for you, you have no way to do that.	算你走運，你根本沒辦法這麼做。
You throw the dagger and the quick old troll catches it.	你擲出短刀，動作敏捷的老矮精靈一把接住。
You push the troll as hard as you can; he won't budge.	你使盡全力推那隻矮精靈，他卻紋風不動。
Trools have no sympathy.	矮精靈可沒有同情心。
There may be something trollish around, but you're not close enough to do anything about it.	附近或許有什麼與矮精靈有關的東西，但你離得不夠近，做不了什麼。
You throw the dagger and it lands in the stream, lost forever.	你擲出短刀，短刀落入溪流，永遠消失了。
I don't see a troll.	你沒看見矮精靈。
Is there a troll?	這裡有矮精靈嗎？
To what?	給什麼？
What precious treasure would you like to give to the  old troll?	你想把哪件珍貴的寶物送給那隻老矮精靈？
If you don't have it, how can you give it to the troll?	你身上沒有它，要怎麼交給那隻矮精靈？
The troll grabs the treasure and vanishes.	矮精靈抓起寶物，瞬間消失無蹤。
It seems to me that by now you would have learned to be more careful.  You are stuck in the mud at the bottom of this river and sinking fast.	看來事到如今，你早該學乖、更加小心才是。你陷進河底的泥沼裡，正迅速下沉。
You see a crotchety old gnome pacing around his lean-to.	你看見一個脾氣古怪的老侏儒矮人，正在他的窩棚附近踱步。
That is very close but not quite right!	非常接近了，但還不完全正確！
You have the right idea, but your thinking is just a little bit off.	你的想法沒錯，只是差了那麼一點點。
That's right!!!  You've guessed it!!  Here are some magic beans for your outstanding accomplishment!	答對了！！！你猜中了！！這是給你的魔豆，獎勵你這番出色的成就！
The old gnome tells you he has something that may be very useful to you.  Your task is to guess his name in three guesses and his gift will be yours.  Good luck!  What is your first guess?	老侏儒矮人告訴你，他有樣東西也許對你很有用。你的任務是在三次機會內猜中他的名字，猜中禮物就是你的。祝你好運！你的第一個猜測是什麼？
You still haven't guessed my name!	你還沒猜中我的名字呢！
The gnome is old and bent under the weight of years, but a playful wisdom still brightens his eyes.	這個侏儒矮人年事已高、被歲月壓彎了腰，但眼中仍閃著一絲頑皮的智慧光芒。
They look like beans.  Interesting.	看起來像豆子，真有意思。
It is a heavy, gold, skeleton key.	這是一把沉甸甸的萬能金鑰匙。
It would be unwise to kill a gnome.	殺害侏儒矮人可不是明智之舉。
Being careful that you get every one of them, you place the beans in your pocket.	你小心翼翼地一顆不漏，把豆子全放進口袋裡。
It is heavy and cold.	它又沉又冰冷。
The gnome can't hear you from there.	你站在那裡，侏儒矮人聽不見你說話！
You should get a little closer.	你應該再靠近一點。
There are no beans here.	這裡沒有豆子。
The key to your problems is elsewhere.	能解決你問題的鑰匙不在這裡。
There is no gnome here.	這裡沒有侏儒矮人。
That's too far away.	那太遠了。
Where did you get that idea?  That's not even close!	你這想法是打哪來的？差得遠呢！
You know that's not right!	你自己也知道那不對！
What is your next guess?	你的下一個猜測是什麼？
You didn't guess the gnome's name, but he left you a gold key anyway.  Better luck next time!	你沒猜中侏儒矮人的名字，但他還是留了一把金鑰匙給你。祝你下次好運！
There is no place to safely get a drink.	這裡沒有能安全喝水的地方。
There is no place to safely get water.	這裡沒有能安全取水的地方。
You slip down the bank into the river far below.  Your cries for help are not heard.	你從河岸滑落，跌進下方遙遠的河水裡。你的呼救聲沒人聽見。
The gnome's lean-to doesn't look very sturdy.	侏儒矮人的窩棚看起來不太堅固。
As you approach the bridge, a mean, ugly troll appears.  He will not let you cross his bridge.	你走近橋邊，一隻凶惡醜陋的矮精靈出現了。他不准你踏上他的橋。
The old goat seeing the troll, the archenemy of all goats, charges the troll and butts him into oblivion!  The bridge is now yours.	老山羊一看見矮精靈——山羊們的頭號宿敵——立刻朝他猛衝過去，一頭把他撞得魂飛魄散！這座橋現在是你的了。
This bridge is the only way to cross the river here.	這座橋是這裡唯一能過河的路。
The river runs swiftly between steep banks.	河水在陡峭的兩岸之間湍急流動。
Don't do it!  The bank is steep, muddy, and dangerous.	別這麼做！河岸又陡又泥濘，十分危險。
You can't reach the river from here.	你在這裡搆不到河流。
This troll is big, strong, and mean-looking.  Don't mess with this troll!	這隻矮精靈體型高大、力氣過人，看起來凶惡無比。別去招惹他！
It's just about impossible to kill a troll.	要殺死矮精靈幾乎是不可能的事。
It's lucky you don`t have any way to try that!	算你走運，你根本沒辦法試試看！
He demands a treasure for passage across his bridge.	他要求你獻上寶物，才准你過橋。
The dagger sings through the air... to a perfect catch by the troll.  "Nice dagger, but it ain't no treasure!" he growls.	短刀劃破空氣飛出……穩穩落入矮精靈手中。他咆哮道：「短刀是不錯，可這不算什麼寶物！」
You try very hard to push the ugly troll, but you can't budge him.	你使盡全力推那隻醜陋的矮精靈，卻絲毫推不動他。
Trolls have no sympathy.	矮精靈可沒有同情心。
He isn't there!  Try the bridge.	他不在那裡！去橋上找找看。
You throw the dagger and it falls into the flowing stream.	你擲出短刀，短刀落入流動的溪水中。
Good news: no troll.	好消息：沒有矮精靈。
What priceless treasure are you giving the old troll?	你要把哪件無價的寶物送給那隻老矮精靈？
You don't have any.	你身上沒有。
You would have to throw it from here!	你得從這裡把它丟出去！
Grasping the precious treasure in a dirt-covered paw, the troll disappears under the bridge.	矮精靈用沾滿泥土的爪子抓起珍貴的寶物，消失在橋下。
You have slipped down the muddy bank and lodged in the  river's bed.  Good knight.	你從泥濘的河岸滑落，卡進了河床裡——晚安了，好騎士。
You have fallen in the raging current and are swept under.  I'm afraid your end has come.	你跌進洶湧的水流，被捲入水底。恐怕你的大限已至。
It is an old stone bridge dating to ancient times.	這是一座古老的石橋，年代久遠。
Very carefully, the bucket fills with water from the  rapid river.	你小心翼翼地讓水桶裝滿湍急的河水。
Being careful not to slip in, you drink deeply of the cool water.	你小心不讓自己滑落水中，大口暢飲清涼的河水。
You are too far from the water.	你離水太遠了。
It tastes very refreshing to a thirsty wanderer.	對一個口渴的旅人來說，這滋味十分沁涼解渴。
The crystal clear water fills up the bucket.	清澈見底的水注滿了水桶。
When you look in the doorway, you see a poor, starving woodcutter and his wife.	你朝門口望去，看見一位可憐挨餓的樵夫和他的妻子。
How are you going to use the ax when you can't even get it out of this stump?	你連斧頭都拔不出樹樁，要怎麼用它？
The trees were cut from these stumps long ago.	很久以前，這些樹木就是從這些樹樁上砍下的。
When you look in the window, you see a poor, starving woodcutter and his wife.	你從窗戶望進去，看見一個貧窮挨餓的樵夫和他的妻子。
Watch out!!!  There is an ogre nearby!  He will crush you in his strong arms if he catches you.	小心！！！附近有隻鬼怪！要是被他抓到，他會用強壯的雙臂把你壓碎。
With the magic shield, no harm will come to you.	有了靈盾護身，你不會受到任何傷害。
Fortunately, you are invisible and the ogre can't see you.	幸好你是隱形的，鬼怪看不見你。
The ogre's vision is not keen enough to see you.	鬼怪的視力不夠敏銳，看不見你。
The ogre can see you now!	鬼怪現在看得見你了！
The dagger is of little use against such a mean creature.  I would save it if I were you.	短刀對付這種凶惡的生物沒什麼用。換作是我，會把它留著。
OK.  You drop the dagger.	好，你放下了短刀。
That is a ferocious looking beast.  Please keep your distance!	那是隻看起來凶猛駭人的野獸，請保持距離！
There is no ogre here.	這裡沒有鬼怪。
Ogres are practically indestructible.	鬼怪幾乎是打不死的。
At one time these were very pretty trees.	這些樹木曾經十分漂亮。
Do you really want to try that?	你真的想試試看嗎？
The delightful wild flowers brighten up your day.	這些迷人的野花讓你心情愉快了起來。
Their perfume is joyful, sweet, and light.	它們的香氣輕盈甜美，教人心曠神怡。
Ogres don't talk, they growl!	鬼怪不會說話，只會咆哮！
You were warned to be careful around this fierce creature!  Maybe next time you will be able to elude the beast.	你已經被警告要小心這隻凶猛的生物了！也許下次你就能躲過那頭野獸。
Lucky for you that ogres are afraid of goats. This one decides to leave you alone.	算你走運，鬼怪害怕山羊。這隻鬼怪決定放你一馬。
You need to be a little closer to smell the flowers.	你得再靠近一點，才能聞到花香。
This is sad.  You are not the first to fail your quest in the Raging River... I hope you may be the last.	真令人難過。你不是第一個在怒河痛失冒險的人……但願你是最後一個。
This is the wild Raging River filled with boulders and rapids.	這是狂野的怒河，河中滿是巨石與湍流。
It would be dangerous to try and jump across the river on the boulders.	踩著巨石跳過這條河太危險了。
This mushroom is large and aromatic.	這朵蘑菇又大又香。
You reach down and pick a fat mushroom.	你彎下腰，摘了一朵肥美的蘑菇。
You see the familiar side of the Raging River.	你看見怒河你熟悉的這一岸。
The colorful mushroom is in the distance.	遠處有一朵色彩鮮豔的蘑菇。
You need to get closer to do that.	你得靠近一點才能這麼做。
The river is so swift it is a battle to fill the bucket.	河水湍急，想裝滿水桶得費一番力氣。
The water from this swift river is cold and sweet.	這條湍急河流的水，冰涼又甘甜。
You see King Edward's castle on the horizon.	你看見愛德華國王的城堡矗立在地平線上。
This lovely meadow is split by the Raging River.	這片美麗的草原被怒河一分為二。
There is no mushroom here.	這裡沒有蘑菇。
OUCH	哎呦
I can see you need a little practice climbing rope!	看來你爬繩索還需要多練習！
You should be more careful before trying that next time!	下次嘗試之前，你應該要更小心一點！
Your arms are like lead... from swimming.  You find it impossible... to swim any longer.  You sink to the bottom... of the well....	你的雙臂因游泳而變得沉重如鉛……你發現自己再也……游不動了。你沉入……井底……
The rope is out of reach.	繩索搆不著。
You cannot climb the sides of the well.  They are too steep and slippery.	你沒辦法爬上井壁，它們又陡又滑。
When you look upwards, you see the top of the well far, far above.	你抬頭望去，看見井口遠遠在你頭頂上方。
Although you can only see the bottom of the bucket, it looks like a very nice bucket.	雖然你只能看見水桶的底部，但看起來是個相當不錯的水桶。
How are you going to get the bucket?	你打算怎麼拿到那個水桶？
This is murky well water.	這是井裡的混濁井水。
The water does not taste as good as you expected.	這水的味道不如你預期的好。
In the midst of your activities, you fill the bucket with well water.	忙碌之中，你把水桶裝滿了井水。
The knot is tied very tightly.	這個結打得非常緊。
The rope is secured to the well with a very tight knot.	繩索用一個很緊的結固定在井邊。
The thick rope resists your efforts.	這條粗繩不為所動，你使不上力。
You have nothing to cut the rope with.	你沒有辦法割斷繩索。
Just before slitting the rope, you realize that it is not a very wise move at this time.	就在你要割斷繩索前，你意識到現在這麼做並不明智。
There is no reason to cut the rope.	沒有理由割斷這條繩索。
You reach up out of the well water and cut the thick rope that holds the bucket.	你從井水中伸出手，割斷了固定水桶的粗繩。
You have other things to think about right now.	你現在該想的是別的事。
A person in your position is in no position to raise or lower anything.	以你目前的處境，實在沒辦法拉起或放下任何東西。
I don't think that getting in the bucket right now will do you very much good.	我認為現在爬進水桶裡，對你不會有什麼好處。
You need to be closer to the water to drink.	你得再靠近水邊一點。
There is no way for you to get water now.	你現在沒辦法取水。
Now is not the time to try diving.	現在不是嘗試潛水的時候。
It is a very long, sturdy rope.	這是一條又長又堅固的繩索。
It is empty except for a huge boulder opposite the opening.	這裡是空的，只有洞口對面一塊巨大的岩石。
It is a rather large, vacant cave.	這是一個相當寬敞的空洞穴。
There is a large granite boulder and a magic mirror!! in the cave.	洞穴裡有一塊巨大的花崗岩，還有一面魔鏡！！
A green, scaly dragon breathing hot fire and smoke is protecting the mirror.	一條渾身綠鱗、噴著熾熱火焰與濃煙的巨龍，正在守護著這面魔鏡。
In this large cavern, there is a slimy dead dragon, an opening on one side, and a large boulder in the other.	在這個寬闊的洞穴裡，有一條渾身黏液的巨龍已經死去，一側有個洞口，另一側則有一塊大岩石。
There is no dragon here.	這裡沒有巨龍。
This ferocious, fire-breathing dragon with sharp, green scales and a long tail is protecting the magic mirror. Watch out for the flames!	這條凶猛的噴火巨龍渾身是鋒利的綠鱗，還有條長尾巴，正守護著魔鏡。小心牠的火焰！
You see the once powerful dragon lying lifeless before you.	你看見那條曾經威猛的巨龍，如今毫無生氣地倒在你面前。
A strange watery light issues from the hole.	一道奇異、如水波般的光芒從洞裡透出來。
This dragon had only one life and you have taken it.	這條巨龍只有一條命，而你已經取走了它。
With that dragon here?  No way!	那條巨龍還在這裡？想都別想！
This dragon does not respond to reason.	跟這條巨龍講道理是沒有用的。
You throw your bucket on the cavern floor.	你把水桶扔在洞穴地面上。
The dragon is protecting the magic mirror.	這條巨龍正在守護那面魔鏡。
The magic mirror is framed with ornate mahogany wood, polished to a high sheen.	魔鏡的邊框以華麗的桃花心木打造，拋光得閃閃發亮。
There is no mirror here.	這裡沒有鏡子。
Carefully, you pick up the magic mirror.	你小心翼翼地拾起魔鏡。
I do not think that you can get close enough to the magic mirror with the dragon here.	巨龍還在這裡，我想你沒辦法靠近魔鏡。
You could get a much better view if you were closer.	你要是再靠近一點，視野會清楚許多。
You are not close enough to reach it.	你離得不夠近，搆不到它。
You don't have any water.	你身上沒有水。
You have nothing with which to douse a dragon.	你沒有東西可以拿來澆熄巨龍的火焰。
You can't do that from here.!	你在這裡沒辦法這麼做！
The dagger sings through the air, but falls short of the dragon.  You should have been closer.	短刀劃破空氣飛出，卻沒能擊中巨龍。你應該再靠近一點才對。
You throw your water, but to no avail.  It lands on the floor and is quickly absorbed.	你把水潑了出去，卻毫無作用。水落在地上，很快就被吸乾了。
The water hits the dragon squarely in the mouth, extinguishing its roaring flames.  No fire!  How mortified and embarrassed the dragon is!  Moving a huge boulder in leaving, the dragon creeps off to sulk.	水正中巨龍的嘴巴，澆熄了牠猛烈的火焰。沒了火焰！巨龍又羞又惱！牠搬開一塊巨石，悻悻然地爬走生悶氣去了。
Nervously, you throw the dagger at the dragon and strike it in the heart.  Death for the dragon is instant.	你緊張地把短刀擲向巨龍，正中牠的心臟。巨龍當場斃命。
How do you wish to accomplish that?	你打算怎麼做到這件事？
You are too busy looking around to even think about that.	你正忙著四處張望，根本沒空想那件事。
You should know about these fire-breathing dragons!  Maybe next time you will be a little more careful!	你早該知道這些噴火巨龍的厲害！也許下次你會小心一點！
Your shield melted from the intensity of the dragon's flames!  You should know about these fire-breathing dragons!  Maybe next time you will be a little more careful!	你的盾牌被巨龍熾烈的火焰給熔化了！你早該知道這些噴火巨龍的厲害！也許下次你會小心一點！
I think you found the dragon!	看來你找到那條巨龍了！
Not even you can hold your breath forever.  The well bottom has become your eternal resting place.	再怎麼厲害的人也沒辦法永遠憋氣。井底如今成了你長眠之地。
It looks like this bottle has been here for a very long time.	這只瓶子看起來已經放在這裡很長一段時間了。
This is just an old, junky bottle.  You don't want it.	這只是個又舊又破爛的瓶子，你用不著。
It is very difficult to tell where the hole might lead.	很難看出這個洞通往哪裡。
The rusty old can has been here awhile.	這個生鏽的舊罐子已經放在這裡好一陣子了。
You have no use for this old can.	這個舊罐子對你沒什麼用處。
Thrashing around in the water has caused you to lose the magic ring and become visible again.	你在水中拚命掙扎，害你弄丟了魔戒，也讓你再次現形。
Even as you are reaching for your medevial flamethrower, the King's agents descend upon you.  You are taken away to be torched at dawn.	就在你伸手去拿中古世紀的噴火器時，國王的侍衛突然撲向你。你被帶走，將於黎明時被處以火刑。
King Edward the Benevolent is a very wise, but elderly monarch.  His frail body is almost lost in the large throne.	仁慈的愛德華國王睿智卻也年邁。他孱弱的身軀幾乎要淹沒在那張碩大的王座裡。
The King's throne is made of solid gold, accented with rubies.  It will be yours if you complete your quest.	國王的王座以純金打造，鑲著紅寶石。只要你完成任務，它終將屬於你。
When you bow to King Edward, his pleased smile warms you.	你向愛德華國王鞠躬，他滿意的笑容讓你心頭一暖。
The King, though very ill, seems happy to see you.	國王雖然病得很重，看見你似乎仍感到高興。
It is proper to stand directly in front of, and a few paces back from King Edward when addressing His Eminence.	與愛德華國王陛下說話時，理應站在他正前方，並保持幾步的距離。
You bow, but you are the only one who knows it.	你鞠了躬，但只有你自己知道這件事。
Go, Sir Graham!  Go and bring me back these treasures!	去吧，格拉漢爵士！去把這些寶物給我帶回來！
Welcome back from your quest, Sir Graham.	歡迎歸來，格拉漢爵士。
Why, Sir Graham, have you failed me and returned without accomplishing your task?  Go, and complete your quest!!	怎麼回事，格拉漢爵士？你辜負了我，任務未成就回來了？去吧，完成你的使命！！
Before exposing your flamethrower, you decide the King is just beyond the range of your obsolete flamethrower.	在亮出噴火器之前，你判斷國王正好在這具老舊噴火器的射程之外。
You are not close enough to see him clearly.	你離得不夠近，看不清楚他。
King Edward the Benevolent is sitting on the throne, waiting for you.	仁慈的愛德華國王坐在王座上，等著你。
It would show more respect if you were closer and in front of King Edward.	若你能靠近一點、站在愛德華國王面前，會顯得更有禮貌。
He bids you to approach so he can hear you.	他示意你靠近一點，好讓他聽得見你說話。
The King is walking towards you to commend you.	國王正朝你走來，準備嘉獎你。
Your heart also aches with pain as you watch the King.	看著國王的模樣，你的心也跟著揪痛起來。
The King is lying motionless on the ground.	國王一動也不動地躺在地上。
You are the only King here!	這裡只有你才是國王！
That's not a bad idea, but the custom in Daventry is to bow.	這主意倒也不差，不過戴凡確王國的習俗是鞠躬行禮。
To kill King Edward would mean immediate execution!	殺害愛德華國王等同於立即處決自己！
The throne is already occupied.	王座上已經有人了。
You will have to do that yourself.	這件事你得自己來。
This huge, tapestried room echoes every sound.	這間掛滿織錦的大廳，任何聲響都會迴盪不已。
You move aside as the King steps from his throne.	國王起身離開王座時，你讓到一旁。
As you approach the throne, the King himself rises to commend  you for a job well done.	你走近王座時，國王親自起身，嘉勉你這趟任務完成得漂亮。
"Oh!... Oh!!"  the King proclaims in pain!	「喔！……喔喔！！」國王痛苦地喊道！
From the seemingly lifeless King you hear these words:   "Well done, Sir Graham.  You have been a good and faithful servant.  Your reward is well deserved.  My kingdom is now yours."	你從看似已無生氣的國王口中，聽見這些話：「做得好，格拉漢爵士。你一直是個忠誠盡責的臣子，這份獎賞你當之無愧。我的王國，如今就是你的了。」
With those words, King Edward the Benevolent dies.	說完這番話，仁慈的愛德華國王便與世長辭。
The experiences of your quest will be invaluable to you as you begin your reign as King of Daventry!!	這趟冒險的經歷，將在你開始統治戴凡確王國、成為新王之際，成為你無價的養分！！
As you are leaving, your agents remind you that you must remain here now, where it is safe.	你正要離開時，侍衛提醒你，如今你必須留在這裡，這才是安全之處。
When you speak to King Edward,	當你和愛德華國王說話時，
he sighs and says,	他嘆了口氣，說道：
"Sir Graham, I am an old man. I fear	「格拉漢爵士，我已經年邁，恐怕
 my end is near.  I have chosen you to	 大限將近。我選中了你，要你
 prove yourself worthy of the throne.	 證明自己配得上這個王座。
As you know, our kingdom is weak and	你也知道，我們的王國積弱
 poor.  I have knowledge of the	 貧困。我得知
 existence of three things that would	 有三件寶物的存在，
 make our kingdom wealthy and strong.	 能讓我們的王國富強起來。
Somewhere within our kingdom, there is	我們王國境內的某處，藏著
 a magic mirror that tells the future.	 一面能預知未來的魔鏡。
 There is a magic shield that will	 還有一面能夠
 protect the bearer from mortal harm.	 保護持有者免於致命傷害的靈盾。
 Finally, there is a magic chest that	 最後，還有一個
 is always filled with gold coins.	 永遠裝滿金幣的金盒子。
Go, Sir Graham!  Go and bring me	去吧，格拉漢爵士！去把
 back these treasures.	 這些寶物給我帶回來。
If you succeed, you will inherit the	若你成功，你將繼承
 throne."	 王座。
Press any key to continue.	請按任意鍵繼續。
There is no need to bow again.	不需要再鞠躬了。
Your concern for the old king won't allow you to move.	你對這位老國王的擔憂讓你動彈不得。
    Thank you for playing             King's Quest                     from               Ken and Roberta Williams     Sol Ackerman   Chris Iden           Jeff Stephenson                 Mark Crowe            Bob Ballew   Mikel Knight     Susan Lee    Russ Truelove         Larry Weissenborn   	    Thank you for playing             King's Quest                     from               Ken and Roberta Williams     Sol Ackerman   Chris Iden           Jeff Stephenson                 Mark Crowe            Bob Ballew   Mikel Knight     Susan Lee    Russ Truelove         Larry Weissenborn   
The king cannot talk right now.	國王現在無法交談。
That is no way to try and address King Edward.	你不能用這種方式對愛德華國王說話。
The spell to make you invisible has expired and you are once again visible.	隱身魔法已經失效，你再次現形了。
That man is the King.	那個人就是國王。
The light from the oil lamp is rather dim in the dark interior of the castle.	油燈的光線在城堡幽暗的內部顯得相當微弱。
The long marble hall has a cold, dreary feeling.	這條長長的大理石走廊給人一種冰冷、陰鬱的感覺。
There is nobody in the armor.	盔甲裡沒有人。
This is the armor of one of King Edward's knights from years ago.	這是愛德華國王麾下一名騎士多年前留下的盔甲。
The armor is firmly mounted to the wall.	這副盔甲牢牢固定在牆上。
You should know you can't walk on clouds.	你應該知道，人是無法走在雲上的。
These flowers look different than any you have ever seen before.	這些花朵看起來和你以前見過的都不一樣。
You'll have to keep yourself out of the clouds!	你得讓自己遠離雲朵才行！
These are very unusual looking trees.	這些樹看起來非常不尋常。
You are fortunate that you have the magic shield or this giant would cause problems for you.	幸虧你有靈盾在身，否則這個巨人會給你帶來大麻煩。
The magic chest appears to have been fashioned from ebony and rimmed on the edges with gold.	這只金盒子似乎是用烏木打造，邊緣鑲著金邊。
There is no chest around here to get.	這附近沒有盒子可以拿。
Very carefully, you slip the magic chest from the sleeping giant's arms.	你小心翼翼地，從熟睡巨人的懷裡抽出了金盒子。
There is no way you can get the chest from here!	你沒辦法從這裡拿到那個盒子！
You put the pebble in the sling, take careful aim, and luckily hit the giant in the forehead!  He falls down dead.	你把鵝卵石放進投石器，仔細瞄準，幸運地擊中了巨人的額頭！他應聲倒地身亡。
It would be rather cowardly of you to kill a giant while he is asleep!	趁巨人熟睡時殺他，未免太卑鄙了！
You have no sling!	你身上沒有投石器！
I don't believe it!  How could you miss something so big?	真不敢相信！這麼大的目標你怎麼會射不中？
You have no dagger!	你身上沒有短刀！
There is no reason to kill the giant.	沒有理由殺這個巨人。
The giant has been slain by a little pebble to the forehead.	巨人被一顆小小的鵝卵石擊中額頭，就此喪命。
Be a little more careful next time.  This giant is mean!	下次小心一點。這個巨人很兇惡！
You know you can't walk on clouds.	你知道人是無法走在雲上的。
What luck!  The huge giant fell fast asleep!	運氣真好！巨大的巨人沉沉睡去了！
The giant is sleeping with a chest.	巨人抱著一只盒子睡著了。
The giant lies dead on the ground and there is a chest beside him.	巨人倒臥在地上死了，身旁還有一只盒子。
The giant is to close for the slingshot to be effective.  I would suggest you RUN!	巨人離你太近了，投石器派不上用場。我建議你快跑！
The dark cave burrows its way into a steep mountain.	這個黑暗的洞穴深入陡峭的山中。
The mountain is too steep to climb.	這座山太陡峭，無法攀爬。
You are near the top of a very high mountain.  It steeply descends toward a valley floor.	你正身處一座高山的頂端附近，山勢陡峭地向下延伸至山谷。
You are in the Land of the Clouds.  It is rumored that a giant lives here.	你身處雲之國，傳說有個巨人住在這上面。
Oops, you've missed the edge and fallen through the  clouds.	哎呀，你沒踩穩邊緣，摔穿雲層掉了下去。
These are the most unusual looking trees.	這些樹看起來奇特無比。
These are unusual looking flowers.	這些花朵看起來很不尋常。
You should know that it is not possible to walk on clouds!	你應該知道，人是不可能走在雲上的！
This is very strange vegetation.	這是非常奇特的植物。
Oops!  You've missed the edge and fallen through the clouds.	哎呀！你沒踩穩邊緣，摔穿雲層掉了下去。
Its trunk has a large hole in the base.	樹幹底部有一個大洞。
You notice a sling in the hole in the tree.	你注意到樹洞裡有一把投石器。
It is empty.	裡面是空的。
This sling is made of very stretchy leather.	這把投石器是用非常有彈性的皮革做的。
You reach into the hole and pull out the leather sling.	你把手伸進洞裡，拉出那把皮革投石器。
You can't see into the hole from here.	你從這裡看不進那個洞裡。
Why?  What sling?	為什麼？什麼投石器？
You've fallen through the clouds!  Cloud walking is for the birds.	你摔穿雲層掉了下去！走在雲上這種事，還是留給鳥兒吧。
These are strange looking trees.	這些樹看起來很奇怪。
You need to be closer to try.	你得靠近一點才能嘗試。
There is a rather large bird's nest here.	這裡有一個相當大的鳥巢。
There is a pure golden egg lying in the nest!	鳥巢裡躺著一顆純金打造的蛋！
The nest is empty.	鳥巢是空的。
The golden egg is smooth and shiny.	這顆金蛋光滑又閃亮。
You already have the golden egg from the nest.	你已經拿到鳥巢裡的金蛋了。
There is no egg here to get.	這裡沒有蛋可以拿。
The golden egg is so heavy you almost drop it.	這顆金蛋重得你差點沒拿穩。
You can't get the egg from here!	你沒辦法從這裡拿到那顆蛋！
Apparently you lost your grip while climbing this tree and you fall to the hard earth below.	看來你爬這棵樹時沒抓穩，摔到了下方堅硬的地面上。
So you're walking on clouds, huh?  Unfortunately, that's an impossible task that cost you your life!	所以你想走在雲上，是吧？可惜，這是件不可能的任務，也讓你賠上了性命！
As the wicked witch flew over her house, she dropped you... into her cage!  If you can't get out, you may become the secret ingredient in this witches' brew!	邪惡的巫婆飛過她的房子上空時，把你丟了下去……正好落進她的籠子裡！要是逃不出去，你可能會變成這鍋巫婆濃湯裡的神秘配料！
Surprise!  Surprise!  The wicked witch is home and now she's after you!	沒想到吧！沒想到吧！邪惡的巫婆在家，現在她盯上你了！
This is not a good place to give up your protection!	這裡可不是放棄你護身之物的好地方！
The witch mutters, "I am going to get my oven ready to cook someone for dinner (yum)."	巫婆喃喃道：「我要去把烤爐準備好，煮個人來當晚餐（嗯，真香）。」
The witch mumbles, "After I get the oven nice and hot, I will be ready to have someone for dinner (giggle)."	巫婆嘀咕著：「等我把烤爐燒得夠熱，就能請人來吃晚餐了（咯咯）。」
The witch mutters, "The oven is heating up nicely.  I wonder who will be my dinner guest!"	巫婆喃喃道：「烤爐燒得正好，不知道誰會是我的晚餐貴客呢！」
The witch says, "My oven is now the perfect temperature. It is time to invite someone for dinner (cackle, cackle)!"	巫婆說：「我的烤爐現在溫度剛剛好，是時候邀請誰來吃晚餐了（咯咯笑）！」
Rats!  She has cast some spell to keep you from escaping!. The witch remarks, "Oh, how nice of you to come for dinner (cackle, cackle)"	糟了！她施了某種魔法讓你逃不掉！巫婆說道：「喔，你能來吃晚餐真是太好了（咯咯笑）」
She pokes and pinches you, then states, "This one is too scrawny, so it's into the cage until you fatten up (smack, yum)!"	她戳了戳你、又捏了捏你，接著說：「這個太瘦了，先關進籠子養胖再說吧（咂嘴，真香）！」
With a flash, you hear her joyously exclaim, "This has made me feel like flying!"	一陣閃光中，你聽見她欣喜地喊道：「這讓我感覺自己要飛起來了！」
Courageously, you manage to push the witch into the oven where she flashes and melts away into a harmless blob. Congratulations!	你鼓起勇氣，把巫婆推進了烤爐，她閃了一下，融化成一團無害的軟泥。恭喜你！
Try as you will to escape, your labor will be in vain.	任憑你怎麼掙扎逃脫，都是白費力氣。
It is fastened with a very strong lock.  There is no way for you to open it.	它被一個非常堅固的鎖鎖著，你沒辦法打開它。
This ugly old witch is one of the most hideous sights you have ever seen.  I would never trust her.	這個醜陋的老巫婆，是你見過最駭人的景象之一。我絕不會相信她。
There is no witch here.	這裡沒有巫婆。
You pluck the Swiss cheese from the shelf.	你從架上取下瑞士乳酪。
I don't see any here.	這裡沒看到。
You cannot see it from here.	你從這裡看不到它。
This cage will be your new home for the rest of your life.	這個籠子將成為你餘生的新家。
You look for a way to escape, but there is none.	你四處尋找逃脫的辦法，卻找不到任何出路。
It is an old wood stove, and very hot.  The fire must have been burning for some time.	這是一個老舊的柴爐，非常燙。爐火想必已經燒了一段時間。
It is made from rusty, but strong, iron bars.	它是用生鏽但堅固的鐵條做的。
You may have seen one in the other room, but I am not sure.	你或許在另一個房間見過一個，但我不太確定。
The oven is very, very hot.  Someone must have just put some wood in it.	烤爐非常非常燙，一定有人剛加了柴進去。
You open the door and see a roaring fire burning in the oven.	你打開爐門，看見烤爐裡烈火熊熊。
You are in no position to do that!	你現在沒辦法做這件事！
You are not close enough to touch it.	你離它不夠近，碰不到。
From here it would be rather difficult to open the oven.	從這裡要打開烤爐相當困難。
There is a note lying on top of it.	上面放著一張紙條。
That is the table where she eats her (gulp) food.	那是她（吞口水）吃飯的桌子。
The bed is not here.	床不在這裡。
You see the forest outside.	你看見外頭的森林。
There is little to see from here.	從這裡看不到什麼。
The note was here at one time, but now you can`t seem to locate it.	紙條原本在這裡，但現在你似乎找不到它了。
You cannot reach it from here.	你從這裡搆不到它。
You don't have the note.	你身上沒有那張紙條。
If I were you, I wouldn't try it!  This witch is mean!	如果我是你，我才不會嘗試呢！這個巫婆很兇惡！
The little house is surprisingly neat considering a wicked witch lives here.	考慮到這裡住著一個邪惡的巫婆，這間小屋出乎意料地整潔。
There is no witch here...RIGHT NOW!!	這裡沒有巫婆……目前是沒有！！
The witch is dead.	巫婆死了。
As soon as you entered the house the goat ran away.	你一走進屋裡，山羊就跑掉了。
You need to be more specific.	你需要說得更具體一點。
The old goat is afraid of the dark and decides to stay outside.	老山羊害怕黑暗，決定留在外面。
The stairs go up into the heart of the mountain.	階梯向上通往山的核心。
Oops!  Those stairs are pretty slippery, aren't they?	哎呀！這些階梯挺滑的，是吧？
The stairs are moss-covered and slippery.	階梯上長滿青苔，很滑。
Darn!  You slipped on the steep stairs.	糟糕！你在陡峭的階梯上滑倒了。
The stairs seem to go on forever.	這些階梯似乎沒有盡頭。
This is a shy little dwarf.  He is too quick to catch.	這是個害羞的小矮人，他動作太快，抓不到。
Look out!  You are too close to the edge!  Oh, oh, you fell!	小心！你離邊緣太近了！啊，糟了，你摔下去了！
The quick, little dwarf came by to see what you had-- nothing interested him.	動作敏捷的小矮人跑來看你有什麼東西——但沒有一樣讓他感興趣。
There is nobody here but you.	這裡除了你沒有別人。
The dwarf is not here for idle conversion.	矮人不是來這裡閒聊的。
The stairs descend into the lower reaches of the mountain.	階梯向下通往山的深處。
You can see sky, light, and smell clouds through the opening.	你能透過開口看見天空、光線，還能聞到雲的氣味。
Oh dear!  With a slip of the foot, you fall head over heels down the long stairway.	糟了！你腳下一滑，一路翻滾摔下這條長長的階梯。
If you were to jump or duck here you might fall.	你要是在這裡跳躍或蹲下，可能會摔下去。
With a wrong move, you fall dizzyingly to the ground.	一個錯誤的動作，你便天旋地轉地摔到地上。
The goat was quite hesitant about climbing that huge beanstalk!  You may have lost the goat.	山羊對爬上那根巨大的豆莖相當猶豫！你可能已經把山羊弄丟了。
You can no longer see the bottom... it seems to go  on forever!	你已經看不見底部了……看來這裡深不見底！
You have to be careful when you get so high on the foliage!	爬到葉叢這麼高的地方，你得小心一點！
Whoops!  You fall toward a distant earth.	哎呀！你朝著遙遠的地面墜落。
Your heart thuds.  Dare you climb into the clouds?	你的心怦怦直跳。你敢爬進雲層裡嗎？
It is a long, long way down....	那可是好長、好長的一段路……
It is amazing that you actually climbed up this high!	你居然爬到這麼高的地方，真是令人驚訝！
It is hard to believe those seeds you planted grew this high.	真難以置信，你種下的種子居然長得這麼高。
You are in the Land of the Clouds.  It is rumored a giant lives up here.	你身處雲之國，傳說有個巨人住在這上面。
While falling through the hole, the magic ring fell off your finger.  Dangerous creatures can see you now!	你掉落洞穴的途中，魔戒從你的手指上滑落了。危險的生物現在能看見你了！
The warm sunlight falls through the hole in the ceiling.  Unfortunately, you can't reach it.	溫暖的陽光從天花板的洞口灑落下來，可惜你搆不著。
The dark tunnel leads off to the south.	這條黑暗的隧道通往南方。
When you fell through the hole, you felt a streching sensation and are back to your normal size.	你掉落洞穴時感到一陣拉伸的感覺，恢復成原本的大小了。
The further you get from the light, the darker and mustier it becomes.	你離光源越遠，這裡就變得越昏暗、越潮濕發霉。
Being invisible won't hide you from this rat's keen sense of smell.	就算隱形，也躲不過這隻大老鼠敏銳的嗅覺。
There is no rat here.	這裡沒有大老鼠。
It is a big rat with dripping teeth and small, greedy eyes.	這是一隻大老鼠，牙齒滴著口水，眼睛小而貪婪。
It is very dark and dreary.  The rat seems to like it here.	這裡又暗又陰森，那隻大老鼠似乎很喜歡待在這裡。
It is very dark and dreary in here.	這裡又暗又陰森。
This is no mouse, this is a big, ugly rat!	這可不是老鼠，這是一隻又大又醜的大老鼠！
The door slowly opens.	門緩緩打開了。
The door is closed.	門已經關上了。
Be careful around this rat next time!  He's dangerous!!	下次小心那隻大老鼠！牠很危險！！
The door appears to be stuck and won't close.	這扇門似乎卡住了，關不上。
Get closer if you want to try.	想試試看的話，先靠近一點。
You can't.  He moves too quickly.	你辦不到，牠的動作太快了。
The rat rasps, "Treasure!  Treasure!  Give treasure, or no go door!  Give treasure NOW!"	大老鼠沙啞地說：「寶物！寶物！交出寶物，不然別想過門！現在就交出寶物！」
You have no treasure to give the rat.	你身上沒有寶物可以給那隻大老鼠。
The rat doesn't want an ordinary walnut.	大老鼠不想要一顆普通的胡桃。
The rat doesn't want a tattered pouch.	大老鼠不想要一個破爛的皮袋。
What kind of treasure would you like to give the  greedy rat?	你想給這隻貪心的大老鼠什麼樣的寶物？
The huge rat takes the treasure you have offered and scuttles away.	那隻巨大的老鼠接過你獻上的寶物，飛快地跑走了。
It appears you are afraid of the rat!  You must get closer to give anything to this rat!	看來你很怕那隻大老鼠！你得靠近一點，才能把東西交給牠！
You do not have any.	你身上沒有這東西。
The rat drools at the sight of the cheese... and snatches it from your hand.  You might want to count your fingers.	大老鼠一看到乳酪就流口水……一把從你手中搶走。你也許該數數自己的手指還在不在。
The rat scrambles to the wall and seems to magically merge with it.	大老鼠竄向牆壁，彷彿被魔法融進牆裡消失了。
That is a good idea, but you do not have any cheese.	這主意不錯，可惜你身上沒有乳酪。
You count your fingers and are relieved to see you still have all of them.	你數了數自己的手指，鬆了口氣，發現十根都還在。
The leprechauns' magic powers detect your unseen presence.	地穴人的魔法察覺到你隱形的存在。
The leprechauns do not like your invasion of their territory.  They may not let you get any further.	地穴人不喜歡你入侵他們的地盤，他們可能不會讓你再往前一步。
The leprechauns revere the power of the fourleaf clover. With it in your possession they will leave you absolutely alone.	地穴人敬畏幸運草的力量，只要你身上帶著它，他們就絕對不會來打擾你。
Leprechauns love fiddle music!  Have you ever seen such frenzied dancing?	地穴人最愛小提琴的音樂！你看過這麼瘋狂的舞蹈嗎？
Totally involved in the music, they dance right out of the room.	他們完全沉浸在音樂裡，一路跳著舞離開了房間。
The leprechaun catches you and holds you with his small,  but strong arms.  I don't think the leprechaun will ever let go.	地穴人抓住了你，用他矮小卻強壯的雙臂緊緊抱住你。我想他大概永遠不會放手了。
You are in the antechamber of the Hall of the Leprechaun King.  There are leprechauns in the room with you.	你身處地穴人國王大廳的前廳，房間裡還有其他地穴人。
I can think of no good reason to close the door.	我實在想不出關門的理由。
I would not try talking to the leprechauns.  You might say the wrong thing.	我勸你別跟地穴人搭話，你可能會說錯話。
You would not get all of them before they got you.	你還沒抓到他們全部，他們就先抓住你了。
There are not any leprechauns here.	這裡沒有地穴人。
You are already playing the fiddle.	你已經在拉小提琴了。
You find playing the fiddle here very fun, but the dance floor is in the other room.	在這裡拉小提琴挺有趣的，不過舞池在隔壁房間。
You play a little tune on the fiddle to amuse yourself.	你拉了一小段曲子自娛自樂。
It is very difficult to play a fiddle if you do not have one.	沒有小提琴，很難拉得出曲子。
The little green men do not seem to be noticing you; perhaps because of the fourleaf clover.	這些綠色小人似乎沒注意到你，也許是幸運草的緣故。
There aren't any leprechauns here.	這裡沒有地穴人。
The King of the leprechauns is sitting on the stone throne. The magic shield is next to the throne.	地穴人國王坐在石造王座上，靈盾就放在王座旁邊。
The King of the leprechauns is sitting on the stone throne.	地穴人國王坐在石造王座上。
The King is leaving.	國王正要離開。
The King of the leprechauns is no longer here.	地穴人國王已經不在這裡了。
The stairs go up a narrow tunnel.	階梯通往一條狹窄的隧道。
To see the stairs, you have to get closer.	你得靠近一點，才能看清楚那道階梯。
The leprechaun King ignores your words.	地穴人國王對你的話置之不理。
I hope you can escape from the leprechauns, but it doesn't look good for you.	希望你能逃過地穴人的手掌心，不過看來情況對你不太妙。
The leprechaun, with much support from his peers, catches you and refuses to let go.  I think you will be here for a long, long time.	那個地穴人在同伴的協助下抓住了你，說什麼也不肯放手。我看你要在這裡待上好長一段時間了。
The King's magic prevents you from getting close enough to harm him.	國王的魔法讓你無法靠近到能傷害他的距離。
After his followers have danced away, the King of the leprechauns realizes he can lead best by following, and leaves, forgetting his beautiful sceptre.	隨著臣民跳舞遠去，地穴人國王領悟到，跟隨才是最好的領導方式，於是也跟著離去，忘了帶走他美麗的王杖。
The shield is already in your pocket.	靈盾已經在你的口袋裡了。
I think there might have been a shield here once, but someone has since taken it.	我想這裡原本可能有面盾牌，但已經被人拿走了。
The shield is no longer here.	這裡已經沒有盾牌了。
It is made of titanium and is rimmed with jewels.	靈盾以鈦金屬打造，邊緣鑲著珠寶。
As inconspicuously as possible, you add the shield to what you are carrying.	你不動聲色地把靈盾收進了行囊。
You take the magic shield and carefully put it in your pocket.	你拿起靈盾，小心翼翼地放進口袋。
You need to get closer to see it clearly.	你得靠近一點才能看清楚。
You must be closer to do that.	你得靠近一點才能這麼做。
I see no sceptre right here.	這裡沒看到什麼王杖。
I see no sceptre to get around here.	這附近沒看到可以拿的王杖。
Eagerly, you pick up the sceptre.	你迫不及待地拾起了王杖。
I see no sceptre in the vicinity.	這附近沒看到王杖。
There is no sceptre in sight to get.	視線範圍內沒有可拿的王杖。
The leprechauns seem irritated by your invasion of their territory.  I would be real careful about what I say and do right now!	地穴人似乎對你入侵他們的地盤感到惱怒。我勸你現在言行都得格外小心！
This is the throne room of the leprechaun King.	這裡是地穴人國王的王座廳。
This is the throne room of the leprechaun King.  There is a shield and a sceptre near the throne.	這裡是地穴人國王的王座廳，王座附近有一面盾牌和一根王杖。
This is the throne room of the leprechaun King.  There is a shield next to the throne.	這裡是地穴人國王的王座廳，王座旁邊有一面盾牌。
This is the throne room of the leprechaun King.  There is a sceptre next to the throne.	這裡是地穴人國王的王座廳，王座旁邊有一根王杖。
The stairs are very steep and narrow.	這道階梯又陡又窄。
This is a small cave with stairs on one side and a very small hole on the other side.	這是一個小洞穴，一側有階梯，另一側有個非常小的洞。
You seem to be stuck in these underground caverns.  As you have no way of leaving, it looks like you'll spend the rest of your life here.	你似乎被困在這片地底洞穴裡。既然沒有辦法離開，看來你得在這裡度過餘生了。
You dare not jump here or you would go through the floor!	你可不敢在這裡跳，不然會直接摔穿地板！
The cottage is run-down and sparsely furnished.  The only nice possession seems to be a fiddle in the corner.	這間小屋破舊不堪，家具寥寥無幾，唯一像樣的東西似乎是角落那把小提琴。
The cottage is run-down and sparsely furnished.	這間小屋破舊不堪，家具寥寥無幾。
This family is so poor, they can't even repair the floor.	這戶人家窮到連地板都修不起。
This is the woodcutter's fiddle.	這是樵夫的小提琴。
The woodcutter is thin and dressed in rags.	樵夫瘦骨嶙峋，衣衫襤褸。
The woodcutter's wife is skinny and poorly dressed.	樵夫的妻子骨瘦如柴，衣著寒酸。
The woodcutter and his wife are sitting at the old oak table.	樵夫和他的妻子坐在那張老橡木桌旁。
"Welcome to my humble abode."	「歡迎來到寒舍。」
She replies, "I'd like to offer you something, but we do not even have food for ourselves."	她回答道：「我很想招待你，可是我們連自己的食物都不夠了。」
"Make yourself at home in our humble home."	「請把這寒舍當自己家吧。」
That would be very nice.  How do you want to help them?	這真是個好主意，你想怎麼幫助他們呢？
What an abominable idea!  You should be ashamed of yourself for even suggesting such a thing!	這主意真是可惡！你居然想得出這種點子，該感到羞愧！
It is closed, but in this house, all the cabinets are bare.	櫃子關著，不過在這戶人家裡，所有的櫥櫃都是空的。
The cabinet is all but bare.	這個櫥櫃幾乎是空的。
The beautiful scenery outside is in contrast to the dreariness inside.	屋外的美麗景色，和屋內的淒涼景象形成強烈對比。
You should have more sympathy for these poor folks!	你應該多同情一下這些可憐人！
You have given the bowl to these poor people and it is now theirs.  You have no right to take it back.	你已經把碗送給這對可憐的夫妻了，它現在是他們的東西，你沒有權利拿回來。
The woodcutters admire the bowl as it sits on their table.	樵夫夫妻欣賞著放在桌上的那只碗。
What treasure do you wish to donate to them?	你想捐贈什麼寶物給他們？
The woodcutter and his wife very gratefully accept the treasure.  "This will help us for awhile," says the woodcutter.	樵夫和他的妻子滿懷感激地收下了寶物。樵夫說：「這能幫我們撐一陣子了。」
This is a nice thought, but unfortunately you have nothing to give these poor people.	這番心意很好，可惜你身上沒有東西能給這對可憐的夫妻。
The woodcutter and his wife kindly accept your gift of food.  They offer a heartfelt "Thank you."	樵夫和他的妻子親切地收下了你贈送的食物，由衷地向你道謝。
Puzzled, the couple wonders why you have given them a bowl.	這對夫妻一頭霧水，不明白你為什麼給他們一只碗。
The woodcutter family is very grateful that you have given them a bowl of stew.  Now they will have at least one last meal.  As a token of their gratitude, they offer their last earthly possession, the woodcutter's fiddle.	樵夫一家對你送上的這碗燉肉萬分感激，這下他們至少能吃上最後一餐了。為了表達謝意，他們獻上了僅剩的財產——樵夫的那把小提琴。
Eat stew from an empty bowl?  The woodcutters are beginning to question your authenticity.	從空碗裡吃燉肉？樵夫夫妻開始懷疑你是不是有問題。
The stew looks delicious, but it is no longer yours.  Now you will have to do without.	這碗燉肉看起來很美味，可惜已經不是你的了，你現在只能餓著了。
The couple is amazed and delighted as the bowl miraculously fills with a bubbling stew.  As a token of their gratitude, they offer their last earthly possession, the woodcutter's fiddle.	這對夫妻又驚又喜，眼看著碗裡奇蹟般地冒出滾燙的燉肉。為了表達謝意，他們獻上了僅剩的財產——樵夫的那把小提琴。
The couple does not understand.	這對夫妻聽不懂。
The fiddle is a beautiful instrument made of polished wood.	這把小提琴是用打磨光亮的木材製成的精美樂器。
You cannot take their last precious possession!	你不能拿走他們僅剩的珍貴財產！
The polished wood feels like satin -- it seems to still vibrate from the last song it played.	打磨過的木頭摸起來像緞子一樣光滑——彷彿還殘留著上一首曲子的餘韻在震動。
What a terrible suggestion!  These people are poor and starving and you want to steal one of their last earthly possessions.	這主意真是糟透了！這些人又窮又餓，你居然想偷走他們僅剩的財產之一。
You cannot see it very well from here.	從這裡看不太清楚。
I doubt that you will get away with it, but you will have to get closer to try.	我不認為你能得逞，不過你得先靠近一點才能試試看。
These poor people can't even afford to repair the floor!  Sorry about that.	這對可憐的夫妻連地板都修不起！抱歉了。
As soon as you entered the house the old goat ran away.	你一走進屋子，那隻老山羊就跑掉了。
"Hello"	「哈囉」
There is an empty bowl sitting on the old oak table.	那張老橡木桌上放著一只空碗。
There is a bowl of stew sitting on the old oak table.	那張老橡木桌上放著一碗燉肉。
The view is magnificent.	這景色壯麗極了。
Now is not the time to irritate the witch.	現在可不是惹惱巫婆的時候。
Now is not a good time to bother the bird.	現在不是打擾那隻鳥的好時機。
Designed and    	設計    
    Written by: 	    撰寫： 
Roberta Williams	Roberta Williams
Orig. Version by	原始版本製作：
 Charles Tingley	 Charles Tingley
  Ken MacNeill  	  Ken MacNeill  
   Chris Iden   	   Chris Iden   
Graphics by:    	美術設計：    
 Doug MacNeill  	 Doug MacNeill  
  Greg Rowland  	  Greg Rowland  
New Version by: 	新版製作： 
 Jeff Stephenson	 Jeff Stephenson
  Sol Ackerman  	  Sol Ackerman  
Thanks to:      	特別感謝：      
 Linda Ackerman  	 Linda Ackerman  
  Mark Crowe     	  Mark Crowe     
   Robert Heitman	   Robert Heitman
    Scott Murphy 	    Scott Murphy 
(c) copyright SIERRA On-Line Inc.  1987	(c) 版權所有 SIERRA On-Line Inc.  1987
              KING'S QUEST	              國王密令
    F1 displays this message.	    F1 顯示這則說明。
    F2 turns the sound off and on.	    F2 切換音效開關。
    F3 retypes the last line typed.	    F3 重新輸入上一行文字。
    F5 saves your current game.	    F5 儲存目前的進度。
    F7 restores a saved game.	    F7 讀取已儲存的進度。
    F9 restarts the game.	    F9 重新開始遊戲。
   TAB shows the status screen.	   TAB 顯示狀態畫面。
   ESC activates the menus.	   ESC 開啟選單。
     0 for jumping	     0 跳躍
     - for ducking	     - 蹲下
     = for swimming	     = 游泳
Ctrl-J sets up your joystick.	Ctrl-J 設定搖桿。
Ctrl-R toggles graphics mode.	Ctrl-R 切換繪圖模式。
    F1 or HELP displays this message.	    F1 或 HELP 鍵顯示這則說明。
   ESC activates the menus. (see below)	   ESC 開啟選單。（詳見下方）
     = for swimming (see below)	     = 游泳（詳見下方）
Ctrl-J toggles joystick/mouse.	Ctrl-J 切換搖桿／滑鼠。
Clicking the joystick button or the\n right mouse button also activates\n the menus.	按下搖桿按鈕\n 或滑鼠右鍵，\n 也能開啟選單。
Double-clicking the joystick button\n or the right mouse button also\n initiates swimming.	連按兩下搖桿按鈕\n 或滑鼠右鍵，\n 也能開始游泳。
discard.view(%v18):%m30	discard.view(%v18):%m30
set.view(%v18,_):%m26	set.view(%v18,_):%m26
set.view(_,%v18):%m30	set.view(_,%v18):%m30
set.loop(%v18,_):%m26	set.loop(%v18,_):%m26
set.loop(%v18,_):\nBad loop #.%m25	set.loop(%v18,_):\n迴圈編號錯誤。%m25
set.loop(%v18,_):%m31	set.loop(%v18,_):%m31
set.cel(%v18,_):%m26	set.cel(%v18,_):%m26
set.cel(%v18,_):\nBad cel #.%m25	set.cel(%v18,_):\ncel 編號錯誤。%m25
sound(%v18):\nSound not loaded.%m25	sound(%v18):\n音效尚未載入。%m25
set.cel(%v18,_):%m31	set.cel(%v18,_):%m31
Script buffer overflow.\nMaximum size = %v18%m25	指令緩衝區溢位。\n最大容量 = %v18%m25
erase(%v18):%m26	erase(%v18):%m26
animate.obj(%v18):%m26	animate.obj(%v18):%m26
print(%v18): no message%m25	print(%v18)：無訊息%m25
Bad test: %v18%m25	測試條件錯誤：%v18%m25
Bad action: %v18%m25	動作錯誤：%v18%m25
start.update(%v18):%m28	start.update(%v18):%m28
draw.pic(%v18):%m32	draw.pic(%v18):%m32
draw(%v18):%m26	draw(%v18):%m26
draw(%v18):%m31	draw(%v18):%m31
discard.pic(%v18):%m32	discard.pic(%v18):%m32
set.scan.start() already active\nin logic %v18.%m25	set.scan.start() 已在\nlogic %v18 中啟用。%m25
get(%v18) or put(%v18):%m26	get(%v18) or put(%v18):%m26
\nPress ESC to quit.	\n按 ESC 鍵離開。
%m27.%m25	%m27.%m25
\nBad object number	\n物件編號錯誤
%m27 or object not drawn.%m25	%m27 或物件尚未繪製。%m25
\nView not 	\n視圖尚未 
%m29loaded.%m25	%m29載入。%m25
%m29set.%m25	%m29設定。%m25
Picture not loaded.%m25	圖片尚未載入。%m25
new room: 	新房間： 
x: 	x： 
y: 	y： 
object number: 	物件編號： 
var number: 	變數編號： 
var value: 	變數數值： 
object #: 	物件 #： 
var %v73: %v72	變數 %v73：%v72
flag number: 	旗標編號： 
flag %v73 is set	旗標 %v73 已設定
flag %v73 is not set	旗標 %v73 尚未設定
Word not known: 	無法辨識的單字： 
%m12%w1	%m12%w1
%m12%w2	%m12%w2
%m12%w3	%m12%w3
No response to input.	沒有任何回應。
We, at Sierra, wish to thank you for playing King's Quest. We are very sorry that you did not succeed and hope you will fare better next time. Good luck.	我們 Sierra 全體同仁感謝你遊玩《國王密令》。很遺憾你這次沒能成功，希望你下次能有更好的表現。祝你好運。
As you can no longer continue, I can only permit you to: Restore Game,  Restart Game or Take Inventory. Sorry.	由於你已無法繼續遊戲，目前只能執行：讀取進度、重新開始或查看物品欄。抱歉。
We, at Sierra, wish to thank you for playing King's Quest. We are pleased to see that you are doing so well and hope that your score will keep improving.	我們 Sierra 全體同仁感謝你遊玩《國王密令》。很高興看見你表現得如此出色，希望你的分數能持續進步。
We, at Sierra, wish to thank you for playing King's Quest. We are delighted by your score and hope you are enjoying the game.	我們 Sierra 全體同仁感謝你遊玩《國王密令》。你的分數令人欣喜，希望你樂在其中。
As you will never get out of this cage alive, I can only permit you to: Restore Game, Restart Game or Take Inventory. Sorry.	由於你不可能活著離開這座牢籠，目前只能執行：讀取進度、重新開始或查看物品欄。抱歉。
Unfortunately, with the moat population swimming is not possible.	很遺憾，護城河裡棲息著大量生物，沒辦法在此游泳。
You need to be in the water in order to swim.	你得先進到水裡才能游泳。
You are already swimming!	你已經在游泳了！
The swift current does not allow for swimming.	湍急的水流讓你沒辦法游泳。
It appears you have become normal size again.	看來你已經恢復成正常大小了。
You see nothing special.	你沒看見什麼特別的東西。
You cannot get the "%w2". At least not now!	你現在還拿不到「%w2」，至少現在不行！
There is no reason to do that.	沒有理由這麼做。
The "%w2" doesn't appeal just now.	「%w2」現在引不起你的興趣。
No. That would just waste time.	不行，那只會浪費時間。
You can try to go there.	你可以試著往那裡走。
That would be inappropriate at this time.	現在這麼做並不恰當。
Hello."	你好。」
OK. "%w2"	OK。「%w2」
You will have to find him yourself.	你得自己去找到他。
You will have to find her yourself.	你得自己去找到她。
You will have to find it yourself.	你得自己去找到它。
There is no "%w2" here.	這裡沒有「%w2」。
What do you wish to do with it???	你想拿它做什麼？？？
You can't eat the mushroom if you don't have it!	你身上沒有蘑菇，怎麼吃得到！
You can't do that--at least not now!	你沒辦法這麼做──至少現在不行！
Not right now!	現在不行！
There is nobody here but you!	這裡除了你沒有別人！
Just say what you wish to get.	直接說出你想拿的東西。
You get no response from the "%w2".	「%w2」沒有任何回應。
I don't understand "%w1".	我聽不懂「%w1」。
I don't understand "%w2".	我聽不懂「%w2」。
I don't understand "%w3".	我聽不懂「%w3」。
Fill what?	要裝滿什麼？
You have better things to do than to play all day.	你該做點正事，別成天只顧著玩。
What would you like to climb?	你想爬什麼？
Well.  Go look for it.	好吧，去找找看吧。
This is a very beautiful tree.	這是一棵非常美麗的樹。
This is just a normal tree, but very pretty.	這只是一棵普通的樹，但很漂亮。
You admire the beauty of the tree.	你欣賞著這棵樹的美。
This is a very nice looking rock.	這是一顆看起來很不錯的石頭。
There is nothing extraordinary about this rock.	這顆石頭沒什麼特別之處。
This is your ordinary rock.	這只是顆普通的石頭。
There is no "%w2" here to look at.	這裡沒有「%w2」可以看。
You do not have any water.	你身上沒有水。
There is no door here.	這裡沒有門。
The goat does not mind getting its feet wet,but will not swim in the water.  You should go back and lead the goat around the water.	山羊不介意弄濕腳，但牠不會游泳。你該回頭，帶著山羊繞過那片水域。
The goat, not being able to see you, wanders off.	山羊看不見你，於是四處遊蕩離去。
It is a mighty beanstalk that stretches to the sky.	這是一株雄偉的豆莖，直聳雲霄。
Its handle is beautifully carved; the blade is bronze and very sharp!	刀柄雕工精美，青銅打造的刀刃鋒利無比！
You admire the workmanship of the beautiful chest.	你欣賞著這只華美金盒子的做工。
This is one of the tastiest looking carrots you have ever seen.	這是你見過最秀色可餐的胡蘿蔔之一。
You proudly admire your gold walnut.	你得意地端詳著你的金胡桃。
You take the key from your pocket and take a long look at it.	你從口袋裡拿出鑰匙，端詳了好一會兒。
There is a message written on the note.	紙條上寫著一段訊息。
The ring is gold with a breathtaking tiger's eye stone perched on top.	這只金戒指上鑲著一顆令人屏息的虎眼石。
You have a perfectly shaped four-leaf clover.	你有一株形狀完美的幸運草。
You notice a word on the bottom of the bowl.	你注意到碗底寫著一個字。
The bowl is full of a delicious looking stew.	碗裡盛滿了看起來很美味的燉肉。
The bucket is old and weathered.	這只水桶又舊又飽經風霜。
The old bucket is full of water.	舊水桶裡裝滿了水。
The pebbles are worn smooth by the Raging River.	這些鵝卵石被怒河磨得光滑圓潤。
The sling was made by a fine craftsman.	這只投石器出自巧匠之手。
The diamonds, in the pouch, glisten beautifully in the light.	皮袋裡的鑽石在光線下閃爍生輝。
The tattered pouch is made of a coarse canvas.	這只破舊的皮袋是粗帆布做的。
The elegance of the sceptre is incomprehensible.	這根王杖華美得難以言喻。
The Swiss cheese looks fresh and moist.	這塊瑞士乳酪看起來新鮮又濕潤。
As you are holding the magic mirror, you look into it and see a vision of yourself with a crown on your head.	你握著魔鏡往裡看，鏡中浮現戴著王冠的自己。
The smooth golden egg shines brightly in the sunlight.	光滑的金蛋在陽光下閃閃發亮。
It is made from titanium and edged with emeralds.	它以鈦金屬打造，邊緣鑲著綠寶石。
The fiddle is fashioned from polished cherry wood.	這把小提琴以打磨過的櫻桃木製成。
It seems to be a good, solid walnut.	看起來是顆結實飽滿的胡桃。
This is a large, grey mushroom.	這是一朵灰色的大蘑菇。
They look like plain, ordinary beans.	看起來就是再普通不過的豆子。
